timestamp,runtime_pid,runtime_cpu_percent,runtime_memory_percent,runtime_rss_kb,runtime_elapsed,postgres_cpu,postgres_memory,qdrant_cpu,qdrant_memory,swap_used,load_average
2026-07-11T15:16:39+05:00,34044,40.6,8.3,1386224,02:14,astravector-postgres-1|24.66%|1.071GiB / 7.654GiB;astravector-qdrant-1|1.65%|1007MiB / 7.654GiB;|total = 5120.00M  used = 3964.62M  free = 1155.38M  (encrypted)|{ 3.71 4.58 5.29 }
2026-07-11T15:16:46+05:00,34044,7.9,8.1,1351376,02:21,astravector-postgres-1|28.34%|1.069GiB / 7.654GiB;astravector-qdrant-1|2.45%|1007MiB / 7.654GiB;|total = 5120.00M  used = 3964.62M  free = 1155.38M  (encrypted)|{ 3.29 4.46 5.24 }
2026-07-11T15:16:54+05:00,34044,30.7,8.0,1345584,02:28,astravector-postgres-1|18.93%|1.077GiB / 7.654GiB;astravector-qdrant-1|2.06%|1009MiB / 7.654GiB;|total = 5120.00M  used = 3964.62M  free = 1155.38M  (encrypted)|{ 3.26 4.44 5.23 }
2026-07-11T15:17:01+05:00,34044,46.4,8.0,1346880,02:36,astravector-postgres-1|20.67%|1.068GiB / 7.654GiB;astravector-qdrant-1|1.80%|1007MiB / 7.654GiB;|total = 5120.00M  used = 3964.62M  free = 1155.38M  (encrypted)|{ 3.06 4.36 5.19 }
2026-07-11T15:17:08+05:00,34044,5.1,8.0,1347104,02:43,astravector-postgres-1|17.89%|1.055GiB / 7.654GiB;astravector-qdrant-1|1.37%|1009MiB / 7.654GiB;|total = 5120.00M  used = 3964.62M  free = 1155.38M  (encrypted)|{ 2.90 4.30 5.17 }
2026-07-11T15:17:16+05:00,34044,22.3,8.0,1343008,02:50,astravector-postgres-1|16.84%|1.059GiB / 7.654GiB;astravector-qdrant-1|2.39%|1009MiB / 7.654GiB;|total = 5120.00M  used = 3956.62M  free = 1163.38M  (encrypted)|{ 2.76 4.22 5.13 }
2026-07-11T15:17:24+05:00,34044,3.6,8.0,1335104,02:58,astravector-postgres-1|17.16%|1.062GiB / 7.654GiB;astravector-qdrant-1|2.22%|1007MiB / 7.654GiB;|total = 5120.00M  used = 3956.62M  free = 1163.38M  (encrypted)|{ 2.78 4.20 5.12 }
2026-07-11T15:17:31+05:00,34044,15.2,7.9,1324480,03:06,astravector-postgres-1|17.18%|1.056GiB / 7.654GiB;astravector-qdrant-1|2.68%|1006MiB / 7.654GiB;|total = 5120.00M  used = 3956.62M  free = 1163.38M  (encrypted)|{ 2.66 4.13 5.08 }
2026-07-11T15:17:38+05:00,34044,8.6,7.8,1314192,03:13,astravector-postgres-1|17.17%|1.057GiB / 7.654GiB;astravector-qdrant-1|3.06%|1007MiB / 7.654GiB;|total = 5120.00M  used = 3956.62M  free = 1163.38M  (encrypted)|{ 2.61 4.09 5.06 }
2026-07-11T15:17:46+05:00,34044,33.4,7.8,1316624,03:20,astravector-postgres-1|16.77%|1.057GiB / 7.654GiB;astravector-qdrant-1|2.45%|1002MiB / 7.654GiB;|total = 5120.00M  used = 3956.62M  free = 1163.38M  (encrypted)|{ 2.44 4.01 5.02 }
2026-07-11T15:17:53+05:00,34044,28.3,7.9,1317824,03:28,astravector-postgres-1|15.35%|1.057GiB / 7.654GiB;astravector-qdrant-1|3.05%|1002MiB / 7.654GiB;|total = 5120.00M  used = 3956.62M  free = 1163.38M  (encrypted)|{ 2.40 3.97 5.00 }
2026-07-11T15:18:00+05:00,34044,13.3,7.9,1319920,03:35,astravector-postgres-1|16.54%|1.057GiB / 7.654GiB;astravector-qdrant-1|1.84%|1002MiB / 7.654GiB;|total = 5120.00M  used = 3956.62M  free = 1163.38M  (encrypted)|{ 2.37 3.94 4.98 }
2026-07-11T15:18:07+05:00,34044,6.5,7.9,1320048,03:42,astravector-postgres-1|17.00%|1.057GiB / 7.654GiB;astravector-qdrant-1|2.57%|1002MiB / 7.654GiB;|total = 5120.00M  used = 3948.62M  free = 1171.38M  (encrypted)|{ 2.30 3.88 4.95 }
2026-07-11T15:18:15+05:00,34044,24.2,7.9,1320320,03:49,astravector-postgres-1|16.75%|1.058GiB / 7.654GiB;astravector-qdrant-1|2.86%|1003MiB / 7.654GiB;|total = 5120.00M  used = 3948.62M  free = 1171.38M  (encrypted)|{ 2.10 3.78 4.90 }
2026-07-11T15:18:23+05:00,34044,2.9,7.9,1317264,03:57,astravector-postgres-1|19.15%|1.057GiB / 7.654GiB;astravector-qdrant-1|2.20%|1002MiB / 7.654GiB;|total = 5120.00M  used = 3948.62M  free = 1171.38M  (encrypted)|{ 2.17 3.77 4.89 }
2026-07-11T15:18:30+05:00,34044,13.4,7.7,1299888,04:05,astravector-postgres-1|15.86%|1.057GiB / 7.654GiB;astravector-qdrant-1|1.29%|1002MiB / 7.654GiB;|total = 5120.00M  used = 3940.62M  free = 1179.38M  (encrypted)|{ 3.60 4.04 4.98 }
2026-07-11T15:18:37+05:00,34044,2.7,7.8,1306128,04:12,astravector-postgres-1|20.66%|1.057GiB / 7.654GiB;astravector-qdrant-1|2.76%|1005MiB / 7.654GiB;|total = 5120.00M  used = 3940.62M  free = 1179.38M  (encrypted)|{ 3.89 4.08 4.98 }
2026-07-11T15:18:45+05:00,34044,0.0,7.8,1307712,04:20,astravector-postgres-1|0.55%|1.057GiB / 7.654GiB;astravector-qdrant-1|0.26%|999.5MiB / 7.654GiB;|total = 5120.00M  used = 3940.62M  free = 1179.38M  (encrypted)|{ 3.88 4.08 4.97 }
2026-07-11T15:18:52+05:00,34044,0.0,7.8,1304912,04:27,astravector-postgres-1|0.58%|1.057GiB / 7.654GiB;astravector-qdrant-1|0.23%|992MiB / 7.654GiB;|total = 5120.00M  used = 3940.62M  free = 1179.38M  (encrypted)|{ 3.73 4.05 4.96 }
2026-07-11T15:18:59+05:00,34044,0.0,7.8,1304896,04:34,astravector-postgres-1|0.68%|1.057GiB / 7.654GiB;astravector-qdrant-1|0.22%|991.6MiB / 7.654GiB;|total = 5120.00M  used = 3940.62M  free = 1179.38M  (encrypted)|{ 3.51 4.00 4.93 }
2026-07-11T15:19:06+05:00,34044,0.0,7.8,1304336,04:41,astravector-postgres-1|0.57%|1.056GiB / 7.654GiB;astravector-qdrant-1|0.15%|991.2MiB / 7.654GiB;|total = 5120.00M  used = 3940.62M  free = 1179.38M  (encrypted)|{ 3.35 3.95 4.90 }
2026-07-11T15:19:14+05:00,34044,0.0,5.8,981232,04:49,astravector-postgres-1|0.77%|1.057GiB / 7.654GiB;astravector-qdrant-1|1.36%|991.2MiB / 7.654GiB;|total = 5120.00M  used = 3940.62M  free = 1179.38M  (encrypted)|{ 3.08 3.88 4.87 }
2026-07-11T15:19:21+05:00,34044,0.1,4.7,792592,04:56,astravector-postgres-1|0.43%|1.056GiB / 7.654GiB;astravector-qdrant-1|0.17%|991.3MiB / 7.654GiB;|total = 5120.00M  used = 3940.62M  free = 1179.38M  (encrypted)|{ 3.07 3.85 4.85 }
2026-07-11T15:19:28+05:00,34044,0.0,4.8,798048,05:03,astravector-postgres-1|0.49%|1.057GiB / 7.654GiB;astravector-qdrant-1|1.52%|990.9MiB / 7.654GiB;|total = 5120.00M  used = 3940.62M  free = 1179.38M  (encrypted)|{ 2.98 3.82 4.83 }
2026-07-11T15:19:36+05:00,34044,0.0,2.3,388928,05:11,astravector-postgres-1|0.53%|1.057GiB / 7.654GiB;astravector-qdrant-1|0.33%|991.2MiB / 7.654GiB;|total = 5120.00M  used = 3940.62M  free = 1179.38M  (encrypted)|{ 2.68 3.73 4.79 }
2026-07-11T15:19:43+05:00,34044,48.6,7.7,1299312,05:18,astravector-postgres-1|33.44%|1.057GiB / 7.654GiB;astravector-qdrant-1|5.90%|1005MiB / 7.654GiB;|total = 5120.00M  used = 3940.62M  free = 1179.38M  (encrypted)|{ 2.79 3.73 4.78 }
2026-07-11T15:19:50+05:00,34044,63.6,7.8,1305056,05:25,astravector-postgres-1|33.75%|1.058GiB / 7.654GiB;astravector-qdrant-1|3.79%|1008MiB / 7.654GiB;|total = 5120.00M  used = 3940.62M  free = 1179.38M  (encrypted)|{ 2.80 3.72 4.77 }
2026-07-11T15:19:57+05:00,34044,68.8,7.8,1306768,05:32,astravector-postgres-1|34.21%|1.058GiB / 7.654GiB;astravector-qdrant-1|4.80%|1013MiB / 7.654GiB;|total = 5120.00M  used = 3940.62M  free = 1179.38M  (encrypted)|{ 2.60 3.65 4.73 }
2026-07-11T15:20:05+05:00,34044,62.2,7.8,1310144,05:39,astravector-postgres-1|33.19%|1.058GiB / 7.654GiB;astravector-qdrant-1|4.60%|1010MiB / 7.654GiB;|total = 5120.00M  used = 3940.62M  free = 1179.38M  (encrypted)|{ 2.47 3.60 4.71 }
2026-07-11T15:20:13+05:00,34044,42.4,7.8,1311616,05:47,astravector-postgres-1|33.96%|1.058GiB / 7.654GiB;astravector-qdrant-1|4.48%|1013MiB / 7.654GiB;|total = 5120.00M  used = 3940.62M  free = 1179.38M  (encrypted)|{ 2.41 3.55 4.68 }
2026-07-11T15:20:20+05:00,34044,26.8,7.8,1312656,05:55,astravector-postgres-1|33.19%|1.058GiB / 7.654GiB;astravector-qdrant-1|4.47%|1010MiB / 7.654GiB;|total = 5120.00M  used = 3940.62M  free = 1179.38M  (encrypted)|{ 2.37 3.52 4.66 }
2026-07-11T15:20:28+05:00,34044,66.7,7.8,1312208,06:02,astravector-postgres-1|47.09%|1.067GiB / 7.654GiB;astravector-qdrant-1|5.05%|1010MiB / 7.654GiB;|total = 5120.00M  used = 3940.62M  free = 1179.38M  (encrypted)|{ 2.55 3.52 4.65 }
2026-07-11T15:20:35+05:00,34044,39.8,7.8,1306464,06:10,astravector-postgres-1|35.13%|1.058GiB / 7.654GiB;astravector-qdrant-1|4.58%|1011MiB / 7.654GiB;|total = 5120.00M  used = 3940.62M  free = 1179.38M  (encrypted)|{ 2.61 3.50 4.63 }
2026-07-11T15:20:43+05:00,34044,25.5,7.8,1312592,06:17,astravector-postgres-1|36.97%|1.058GiB / 7.654GiB;astravector-qdrant-1|5.30%|1010MiB / 7.654GiB;|total = 5120.00M  used = 3940.62M  free = 1179.38M  (encrypted)|{ 2.56 3.48 4.62 }
2026-07-11T15:20:50+05:00,34044,26.8,7.8,1313616,06:25,astravector-postgres-1|34.78%|1.058GiB / 7.654GiB;astravector-qdrant-1|3.09%|1013MiB / 7.654GiB;|total = 5120.00M  used = 3940.62M  free = 1179.38M  (encrypted)|{ 2.44 3.44 4.59 }
2026-07-11T15:20:57+05:00,34044,69.8,7.8,1308432,06:32,astravector-postgres-1|36.08%|1.058GiB / 7.654GiB;astravector-qdrant-1|4.97%|1014MiB / 7.654GiB;|total = 5120.00M  used = 3940.62M  free = 1179.38M  (encrypted)|{ 2.52 3.42 4.57 }
2026-07-11T15:21:05+05:00,34044,67.1,7.8,1309296,06:39,astravector-postgres-1|33.02%|1.058GiB / 7.654GiB;astravector-qdrant-1|5.70%|1014MiB / 7.654GiB;|total = 5120.00M  used = 3940.62M  free = 1179.38M  (encrypted)|{ 2.72 3.45 4.58 }
2026-07-11T15:21:13+05:00,34044,40.7,7.8,1308576,06:47,astravector-postgres-1|36.70%|1.058GiB / 7.654GiB;astravector-qdrant-1|5.41%|1013MiB / 7.654GiB;|total = 5120.00M  used = 3940.62M  free = 1179.38M  (encrypted)|{ 3.22 3.53 4.59 }
2026-07-11T15:21:20+05:00,34044,28.3,7.8,1307072,06:55,astravector-postgres-1|35.29%|1.058GiB / 7.654GiB;astravector-qdrant-1|5.57%|1015MiB / 7.654GiB;|total = 5120.00M  used = 3940.62M  free = 1179.38M  (encrypted)|{ 3.93 3.67 4.64 }
2026-07-11T15:21:27+05:00,34044,67.6,7.8,1310480,07:02,astravector-postgres-1|34.11%|1.059GiB / 7.654GiB;astravector-qdrant-1|4.39%|1016MiB / 7.654GiB;|total = 5120.00M  used = 3940.62M  free = 1179.38M  (encrypted)|{ 4.32 3.76 4.66 }
2026-07-11T15:21:35+05:00,34044,60.1,7.8,1310576,07:10,astravector-postgres-1|33.69%|1.058GiB / 7.654GiB;astravector-qdrant-1|4.39%|1015MiB / 7.654GiB;|total = 5120.00M  used = 3940.62M  free = 1179.38M  (encrypted)|{ 4.45 3.80 4.67 }
2026-07-11T15:21:43+05:00,34044,38.7,7.8,1312432,07:17,astravector-postgres-1|32.98%|1.059GiB / 7.654GiB;astravector-qdrant-1|4.59%|1014MiB / 7.654GiB;|total = 5120.00M  used = 3940.62M  free = 1179.38M  (encrypted)|{ 4.93 3.92 4.70 }
2026-07-11T15:21:50+05:00,34044,37.4,7.8,1313408,07:25,astravector-postgres-1|37.78%|1.058GiB / 7.654GiB;astravector-qdrant-1|5.28%|1014MiB / 7.654GiB;|total = 5120.00M  used = 3940.62M  free = 1179.38M  (encrypted)|{ 4.94 3.94 4.70 }
2026-07-11T15:21:57+05:00,34044,83.8,7.8,1312864,07:32,astravector-postgres-1|34.53%|1.059GiB / 7.654GiB;astravector-qdrant-1|3.97%|1015MiB / 7.654GiB;|total = 5120.00M  used = 3940.62M  free = 1179.38M  (encrypted)|{ 5.26 4.04 4.73 }
2026-07-11T15:22:05+05:00,34044,55.4,7.8,1313296,07:39,astravector-postgres-1|35.41%|1.059GiB / 7.654GiB;astravector-qdrant-1|4.95%|1015MiB / 7.654GiB;|total = 5120.00M  used = 3940.62M  free = 1179.38M  (encrypted)|{ 5.08 4.02 4.72 }
2026-07-11T15:22:13+05:00,34044,54.0,7.8,1313424,07:47,astravector-postgres-1|34.26%|1.058GiB / 7.654GiB;astravector-qdrant-1|3.80%|1016MiB / 7.654GiB;|total = 5120.00M  used = 3940.62M  free = 1179.38M  (encrypted)|{ 5.54 4.16 4.75 }
2026-07-11T15:22:20+05:00,34044,31.5,7.8,1314736,07:55,astravector-postgres-1|35.47%|1.058GiB / 7.654GiB;astravector-qdrant-1|4.90%|1014MiB / 7.654GiB;|total = 5120.00M  used = 3940.62M  free = 1179.38M  (encrypted)|{ 5.66 4.20 4.77 }
2026-07-11T15:22:28+05:00,34044,70.6,7.8,1314944,08:02,astravector-postgres-1|34.63%|1.058GiB / 7.654GiB;astravector-qdrant-1|4.36%|1016MiB / 7.654GiB;|total = 5120.00M  used = 3940.62M  free = 1179.38M  (encrypted)|{ 5.71 4.26 4.78 }
2026-07-11T15:22:35+05:00,34044,45.6,7.8,1316624,08:10,astravector-postgres-1|36.98%|1.058GiB / 7.654GiB;astravector-qdrant-1|5.05%|1014MiB / 7.654GiB;|total = 5120.00M  used = 3940.62M  free = 1179.38M  (encrypted)|{ 6.05 4.36 4.81 }
2026-07-11T15:22:43+05:00,34044,28.0,7.8,1316144,08:17,astravector-postgres-1|34.60%|1.059GiB / 7.654GiB;astravector-qdrant-1|4.51%|1013MiB / 7.654GiB;|total = 5120.00M  used = 3940.62M  free = 1179.38M  (encrypted)|{ 6.32 4.47 4.85 }
2026-07-11T15:22:50+05:00,34044,27.5,7.8,1316704,08:25,astravector-postgres-1|37.84%|1.058GiB / 7.654GiB;astravector-qdrant-1|4.20%|1015MiB / 7.654GiB;|total = 5120.00M  used = 3940.62M  free = 1179.38M  (encrypted)|{ 6.53 4.55 4.87 }
2026-07-11T15:22:58+05:00,34044,66.1,7.8,1316064,08:32,astravector-postgres-1|34.71%|1.059GiB / 7.654GiB;astravector-qdrant-1|3.78%|1016MiB / 7.654GiB;|total = 5120.00M  used = 3940.62M  free = 1179.38M  (encrypted)|{ 6.77 4.66 4.91 }
2026-07-11T15:23:05+05:00,34044,41.5,7.8,1314416,08:40,astravector-postgres-1|39.20%|1.059GiB / 7.654GiB;astravector-qdrant-1|5.27%|1014MiB / 7.654GiB;|total = 5120.00M  used = 3940.62M  free = 1179.38M  (encrypted)|{ 6.39 4.62 4.89 }
2026-07-11T15:23:13+05:00,34044,25.8,7.8,1313792,08:47,astravector-postgres-1|34.18%|1.059GiB / 7.654GiB;astravector-qdrant-1|3.84%|1014MiB / 7.654GiB;|total = 5120.00M  used = 3940.62M  free = 1179.38M  (encrypted)|{ 6.38 4.68 4.91 }
2026-07-11T15:23:20+05:00,34044,25.3,7.8,1315104,08:55,astravector-postgres-1|33.64%|1.058GiB / 7.654GiB;astravector-qdrant-1|5.02%|1015MiB / 7.654GiB;|total = 5120.00M  used = 3940.62M  free = 1179.38M  (encrypted)|{ 6.35 4.70 4.91 }
2026-07-11T15:23:28+05:00,34044,67.2,7.8,1314736,09:02,astravector-postgres-1|35.36%|1.058GiB / 7.654GiB;astravector-qdrant-1|4.73%|1016MiB / 7.654GiB;|total = 5120.00M  used = 3940.62M  free = 1179.38M  (encrypted)|{ 7.25 4.94 5.00 }
2026-07-11T15:23:35+05:00,34044,41.1,7.8,1315104,09:10,astravector-postgres-1|43.56%|1.058GiB / 7.654GiB;astravector-qdrant-1|3.61%|1015MiB / 7.654GiB;|total = 5120.00M  used = 3940.62M  free = 1179.38M  (encrypted)|{ 7.79 5.09 5.05 }
2026-07-11T15:23:43+05:00,34044,41.4,7.8,1311296,09:17,astravector-postgres-1|33.44%|1.059GiB / 7.654GiB;astravector-qdrant-1|5.34%|1018MiB / 7.654GiB;|total = 5120.00M  used = 3940.62M  free = 1179.38M  (encrypted)|{ 7.04 5.02 5.02 }
2026-07-11T15:23:50+05:00,34044,27.1,7.8,1309232,09:25,astravector-postgres-1|33.17%|1.058GiB / 7.654GiB;astravector-qdrant-1|4.11%|1015MiB / 7.654GiB;|total = 5120.00M  used = 3940.62M  free = 1179.38M  (encrypted)|{ 7.12 5.07 5.04 }
2026-07-11T15:23:58+05:00,34044,71.9,7.8,1310592,09:32,astravector-postgres-1|36.80%|1.058GiB / 7.654GiB;astravector-qdrant-1|4.34%|1017MiB / 7.654GiB;|total = 5120.00M  used = 3940.62M  free = 1179.38M  (encrypted)|{ 6.80 5.07 5.04 }
2026-07-11T15:24:05+05:00,34044,42.3,7.8,1310768,09:40,astravector-postgres-1|35.27%|1.058GiB / 7.654GiB;astravector-qdrant-1|5.66%|1012MiB / 7.654GiB;|total = 5120.00M  used = 3940.62M  free = 1179.38M  (encrypted)|{ 6.58 5.05 5.03 }
2026-07-11T15:24:13+05:00,34044,27.2,7.8,1310448,09:47,astravector-postgres-1|36.48%|1.058GiB / 7.654GiB;astravector-qdrant-1|4.79%|1008MiB / 7.654GiB;|total = 5120.00M  used = 3924.62M  free = 1195.38M  (encrypted)|{ 6.57 5.10 5.05 }
2026-07-11T15:24:20+05:00,34044,27.9,7.8,1311664,09:55,astravector-postgres-1|33.83%|1.058GiB / 7.654GiB;astravector-qdrant-1|4.92%|1012MiB / 7.654GiB;|total = 5120.00M  used = 3924.62M  free = 1195.38M  (encrypted)|{ 6.53 5.11 5.06 }
2026-07-11T15:24:27+05:00,34044,66.2,7.8,1312448,10:02,astravector-postgres-1|35.46%|1.058GiB / 7.654GiB;astravector-qdrant-1|4.26%|1010MiB / 7.654GiB;|total = 5120.00M  used = 3924.62M  free = 1195.38M  (encrypted)|{ 6.29 5.11 5.06 }
2026-07-11T15:24:34+05:00,34044,59.5,7.8,1312432,10:09,astravector-postgres-1|34.05%|1.061GiB / 7.654GiB;astravector-qdrant-1|5.21%|1008MiB / 7.654GiB;|total = 5120.00M  used = 3924.62M  free = 1195.38M  (encrypted)|{ 6.11 5.09 5.05 }
2026-07-11T15:24:41+05:00,34044,0.1,7.8,1312880,10:16,astravector-postgres-1|0.46%|1.061GiB / 7.654GiB;astravector-qdrant-1|1.49%|1007MiB / 7.654GiB;|total = 5120.00M  used = 3924.62M  free = 1195.38M  (encrypted)|{ 5.54 5.00 5.02 }
2026-07-11T15:24:48+05:00,34044,0.0,7.8,1312992,10:23,astravector-postgres-1|0.59%|1.061GiB / 7.654GiB;astravector-qdrant-1|0.48%|1001MiB / 7.654GiB;|total = 5120.00M  used = 3924.62M  free = 1195.38M  (encrypted)|{ 5.25 4.95 5.00 }
2026-07-11T15:24:55+05:00,34044,0.0,7.8,1312992,10:30,astravector-postgres-1|0.60%|1.064GiB / 7.654GiB;astravector-qdrant-1|0.20%|994.8MiB / 7.654GiB;|total = 5120.00M  used = 3924.62M  free = 1195.38M  (encrypted)|{ 4.91 4.89 4.98 }
2026-07-11T15:25:03+05:00,34044,0.0,7.8,1313008,10:37,astravector-postgres-1|0.57%|1.064GiB / 7.654GiB;astravector-qdrant-1|0.24%|994.8MiB / 7.654GiB;|total = 5120.00M  used = 3924.62M  free = 1195.38M  (encrypted)|{ 4.46 4.79 4.94 }
2026-07-11T15:25:10+05:00,34044,0.0,7.8,1312608,10:45,astravector-postgres-1|0.70%|1.064GiB / 7.654GiB;astravector-qdrant-1|0.21%|994.8MiB / 7.654GiB;|total = 5120.00M  used = 3924.62M  free = 1195.38M  (encrypted)|{ 4.10 4.71 4.91 }
2026-07-11T15:25:18+05:00,34044,0.0,7.8,1312032,10:52,astravector-postgres-1|4.19%|1.063GiB / 7.654GiB;astravector-qdrant-1|0.30%|994.8MiB / 7.654GiB;|total = 5120.00M  used = 3916.62M  free = 1203.38M  (encrypted)|{ 3.86 4.64 4.88 }
2026-07-11T15:25:25+05:00,34044,0.0,7.8,1310144,11:00,astravector-postgres-1|0.59%|1.065GiB / 7.654GiB;astravector-qdrant-1|0.19%|994.7MiB / 7.654GiB;|total = 5120.00M  used = 3916.62M  free = 1203.38M  (encrypted)|{ 3.63 4.58 4.86 }
2026-07-11T15:25:32+05:00,34044,0.0,7.8,1308976,11:07,astravector-postgres-1|5.86%|1.067GiB / 7.654GiB;astravector-qdrant-1|1.59%|994.8MiB / 7.654GiB;|total = 5120.00M  used = 3916.62M  free = 1203.38M  (encrypted)|{ 3.31 4.48 4.82 }
2026-07-11T15:25:39+05:00,34044,0.0,7.8,1303520,11:14,astravector-postgres-1|1.51%|1.066GiB / 7.654GiB;astravector-qdrant-1|0.25%|994.8MiB / 7.654GiB;|total = 5120.00M  used = 3916.62M  free = 1203.38M  (encrypted)|{ 3.12 4.42 4.80 }
2026-07-11T15:25:47+05:00,34044,88.6,7.8,1311840,11:21,astravector-postgres-1|69.52%|1.076GiB / 7.654GiB;astravector-qdrant-1|6.34%|1008MiB / 7.654GiB;|total = 5120.00M  used = 3916.62M  free = 1203.38M  (encrypted)|{ 3.70 4.50 4.82 }
2026-07-11T15:25:54+05:00,34044,73.0,7.8,1315632,11:29,astravector-postgres-1|70.88%|1.067GiB / 7.654GiB;astravector-qdrant-1|5.57%|1010MiB / 7.654GiB;|total = 5120.00M  used = 3916.62M  free = 1203.38M  (encrypted)|{ 3.64 4.48 4.81 }
2026-07-11T15:26:01+05:00,34044,100.4,7.9,1317024,11:36,astravector-postgres-1|69.46%|1.067GiB / 7.654GiB;astravector-qdrant-1|5.42%|1009MiB / 7.654GiB;|total = 5120.00M  used = 3916.62M  free = 1203.38M  (encrypted)|{ 4.18 4.56 4.84 }
2026-07-11T15:26:09+05:00,34044,76.2,7.9,1317760,11:43,astravector-postgres-1|73.59%|1.071GiB / 7.654GiB;astravector-qdrant-1|6.16%|1009MiB / 7.654GiB;|total = 5120.00M  used = 3916.62M  free = 1203.38M  (encrypted)|{ 4.40 4.60 4.85 }
2026-07-11T15:26:16+05:00,34044,82.4,7.8,1316784,11:51,astravector-postgres-1|68.68%|1.067GiB / 7.654GiB;astravector-qdrant-1|5.30%|1009MiB / 7.654GiB;|total = 5120.00M  used = 3916.62M  free = 1203.38M  (encrypted)|{ 4.12 4.53 4.82 }
2026-07-11T15:26:24+05:00,34044,91.8,7.9,1317632,11:58,astravector-postgres-1|70.05%|1.067GiB / 7.654GiB;astravector-qdrant-1|6.46%|1008MiB / 7.654GiB;|total = 5120.00M  used = 3916.62M  free = 1203.38M  (encrypted)|{ 4.03 4.50 4.81 }
2026-07-11T15:26:31+05:00,34044,91.9,7.9,1317536,12:06,astravector-postgres-1|74.46%|1.069GiB / 7.654GiB;astravector-qdrant-1|5.28%|1009MiB / 7.654GiB;|total = 5120.00M  used = 3916.62M  free = 1203.38M  (encrypted)|{ 4.11 4.50 4.81 }
2026-07-11T15:26:39+05:00,34044,74.6,7.9,1318480,12:13,astravector-postgres-1|75.23%|1.07GiB / 7.654GiB;astravector-qdrant-1|5.30%|1009MiB / 7.654GiB;|total = 5120.00M  used = 3916.62M  free = 1203.38M  (encrypted)|{ 4.10 4.50 4.80 }
2026-07-11T15:26:46+05:00,34044,100.9,7.9,1319376,12:21,astravector-postgres-1|79.12%|1.073GiB / 7.654GiB;astravector-qdrant-1|5.15%|1009MiB / 7.654GiB;|total = 5120.00M  used = 3916.62M  free = 1203.38M  (encrypted)|{ 4.92 4.66 4.86 }
2026-07-11T15:26:54+05:00,34044,97.6,7.8,1316992,12:28,astravector-postgres-1|72.31%|1.07GiB / 7.654GiB;astravector-qdrant-1|6.16%|1008MiB / 7.654GiB;|total = 5120.00M  used = 3916.62M  free = 1203.38M  (encrypted)|{ 5.48 4.78 4.90 }
2026-07-11T15:27:01+05:00,34044,79.0,7.8,1315648,12:36,astravector-postgres-1|69.43%|1.071GiB / 7.654GiB;astravector-qdrant-1|5.00%|1008MiB / 7.654GiB;|total = 5120.00M  used = 3916.62M  free = 1203.38M  (encrypted)|{ 5.62 4.84 4.92 }
2026-07-11T15:27:09+05:00,34044,92.4,7.8,1314624,12:43,astravector-postgres-1|82.50%|1.084GiB / 7.654GiB;astravector-qdrant-1|9.06%|1009MiB / 7.654GiB;|total = 5120.00M  used = 3916.62M  free = 1203.38M  (encrypted)|{ 5.33 4.79 4.90 }
2026-07-11T15:27:16+05:00,34044,97.4,7.8,1315264,12:51,astravector-postgres-1|70.54%|1.074GiB / 7.654GiB;astravector-qdrant-1|5.49%|1009MiB / 7.654GiB;|total = 5120.00M  used = 3916.62M  free = 1203.38M  (encrypted)|{ 4.96 4.73 4.88 }
2026-07-11T15:27:24+05:00,34044,83.3,7.8,1316864,12:58,astravector-postgres-1|72.00%|1.075GiB / 7.654GiB;astravector-qdrant-1|6.25%|1008MiB / 7.654GiB;|total = 5120.00M  used = 3916.62M  free = 1203.38M  (encrypted)|{ 4.81 4.70 4.87 }
2026-07-11T15:27:31+05:00,34044,113.3,7.9,1317776,13:06,astravector-postgres-1|75.14%|1.075GiB / 7.654GiB;astravector-qdrant-1|5.16%|1009MiB / 7.654GiB;|total = 5120.00M  used = 3916.62M  free = 1203.38M  (encrypted)|{ 4.30 4.59 4.83 }
2026-07-11T15:27:39+05:00,34044,121.4,7.9,1318128,13:13,astravector-postgres-1|84.48%|1.082GiB / 7.654GiB;astravector-qdrant-1|7.31%|1009MiB / 7.654GiB;|total = 5120.00M  used = 3916.62M  free = 1203.38M  (encrypted)|{ 4.28 4.58 4.82 }
2026-07-11T15:27:45+05:00,34044,101.3,7.9,1318912,13:21,astravector-postgres-1|85.50%|1.073GiB / 7.654GiB;astravector-qdrant-1|5.55%|1010MiB / 7.654GiB;|total = 5120.00M  used = 3916.62M  free = 1203.38M  (encrypted)|{ 4.01 4.52 4.80 }
2026-07-11T15:27:53+05:00,34044,104.5,7.9,1319216,13:27,astravector-postgres-1|96.96%|1.074GiB / 7.654GiB;astravector-qdrant-1|7.62%|1011MiB / 7.654GiB;|total = 5120.00M  used = 3916.62M  free = 1203.38M  (encrypted)|{ 4.10 4.52 4.79 }
2026-07-11T15:28:00+05:00,34044,181.6,7.9,1324064,13:35,astravector-postgres-1|109.49%|1.076GiB / 7.654GiB;astravector-qdrant-1|7.36%|1010MiB / 7.654GiB;|total = 5120.00M  used = 3908.62M  free = 1211.38M  (encrypted)|{ 3.93 4.48 4.78 }
2026-07-11T15:28:08+05:00,34044,187.1,7.9,1327664,13:42,astravector-postgres-1|239.17%|1.077GiB / 7.654GiB;astravector-qdrant-1|7.57%|1009MiB / 7.654GiB;|total = 5120.00M  used = 3908.62M  free = 1211.38M  (encrypted)|{ 3.94 4.47 4.77 }
2026-07-11T15:28:15+05:00,34044,239.4,8.0,1344400,13:50,astravector-postgres-1|238.16%|1.152GiB / 7.654GiB;astravector-qdrant-1|10.76%|1015MiB / 7.654GiB;|total = 5120.00M  used = 3908.62M  free = 1211.38M  (encrypted)|{ 4.10 4.49 4.78 }
2026-07-11T15:28:23+05:00,34044,207.8,8.0,1348560,13:57,astravector-postgres-1|300.38%|1.168GiB / 7.654GiB;astravector-qdrant-1|16.81%|1015MiB / 7.654GiB;|total = 5120.00M  used = 3908.62M  free = 1211.38M  (encrypted)|{ 5.25 4.72 4.85 }
2026-07-11T15:28:30+05:00,34044,198.4,8.0,1346720,14:05,astravector-postgres-1|283.60%|1.168GiB / 7.654GiB;astravector-qdrant-1|13.87%|1015MiB / 7.654GiB;|total = 5120.00M  used = 3900.62M  free = 1219.38M  (encrypted)|{ 6.43 4.98 4.94 }
2026-07-11T15:28:38+05:00,34044,200.0,8.0,1336208,14:12,astravector-postgres-1|285.83%|1.245GiB / 7.654GiB;astravector-qdrant-1|20.42%|1016MiB / 7.654GiB;|total = 5120.00M  used = 3892.62M  free = 1227.38M  (encrypted)|{ 8.39 5.45 5.11 }
2026-07-11T15:28:46+05:00,34044,233.0,8.0,1345456,14:20,astravector-postgres-1|244.42%|1.248GiB / 7.654GiB;astravector-qdrant-1|16.36%|1022MiB / 7.654GiB;|total = 5120.00M  used = 3892.62M  free = 1227.38M  (encrypted)|{ 10.58 6.01 5.31 }
2026-07-11T15:28:53+05:00,34044,263.4,8.1,1352416,14:28,astravector-postgres-1|334.75%|1.25GiB / 7.654GiB;astravector-qdrant-1|13.84%|1018MiB / 7.654GiB;|total = 5120.00M  used = 3892.62M  free = 1227.38M  (encrypted)|{ 10.62 6.10 5.35 }
2026-07-11T15:29:00+05:00,34044,272.5,8.1,1353264,14:35,astravector-postgres-1|235.95%|1.25GiB / 7.654GiB;astravector-qdrant-1|12.58%|1015MiB / 7.654GiB;|total = 5120.00M  used = 3892.62M  free = 1227.38M  (encrypted)|{ 11.21 6.29 5.42 }
2026-07-11T15:29:08+05:00,34044,213.1,8.1,1359280,14:42,astravector-postgres-1|251.56%|1.252GiB / 7.654GiB;astravector-qdrant-1|11.53%|1015MiB / 7.654GiB;|total = 5120.00M  used = 3892.62M  free = 1227.38M  (encrypted)|{ 11.30 6.48 5.50 }
2026-07-11T15:29:16+05:00,34044,175.7,8.1,1351760,14:50,astravector-postgres-1|201.09%|1.251GiB / 7.654GiB;astravector-qdrant-1|11.30%|1012MiB / 7.654GiB;|total = 5120.00M  used = 3892.62M  free = 1227.38M  (encrypted)|{ 11.35 6.57 5.54 }
2026-07-11T15:29:23+05:00,34044,186.9,8.0,1334592,14:58,astravector-postgres-1|284.46%|1.253GiB / 7.654GiB;astravector-qdrant-1|15.05%|1011MiB / 7.654GiB;|total = 5120.00M  used = 3884.62M  free = 1235.38M  (encrypted)|{ 12.18 6.90 5.66 }
2026-07-11T15:29:30+05:00,34044,203.9,7.9,1329920,15:05,astravector-postgres-1|224.77%|1.302GiB / 7.654GiB;astravector-qdrant-1|16.82%|1011MiB / 7.654GiB;|total = 5120.00M  used = 3884.62M  free = 1235.38M  (encrypted)|{ 12.24 7.00 5.71 }
2026-07-11T15:29:38+05:00,34044,264.4,8.0,1340592,15:12,astravector-postgres-1|309.17%|1.389GiB / 7.654GiB;astravector-qdrant-1|13.38%|1013MiB / 7.654GiB;|total = 5120.00M  used = 3868.62M  free = 1251.38M  (encrypted)|{ 12.42 7.20 5.79 }
2026-07-11T15:29:46+05:00,34044,178.7,8.0,1339744,15:20,astravector-postgres-1|199.59%|1.503GiB / 7.654GiB;astravector-qdrant-1|10.14%|1.031GiB / 7.654GiB;|total = 5120.00M  used = 3844.62M  free = 1275.38M  (encrypted)|{ 12.36 7.36 5.86 }
2026-07-11T15:29:52+05:00,34044,203.4,8.0,1341664,15:28,astravector-postgres-1|218.81%|1.507GiB / 7.654GiB;astravector-qdrant-1|11.74%|1.03GiB / 7.654GiB;|total = 5120.00M  used = 3844.62M  free = 1275.38M  (encrypted)|{ 12.41 7.45 5.90 }
2026-07-11T15:29:59+05:00,34044,240.5,8.0,1341920,15:35,astravector-postgres-1|216.01%|1.512GiB / 7.654GiB;astravector-qdrant-1|10.73%|1.03GiB / 7.654GiB;|total = 5120.00M  used = 3844.62M  free = 1275.38M  (encrypted)|{ 11.90 7.43 5.91 }
2026-07-11T15:30:07+05:00,34044,166.5,8.0,1346032,15:41,astravector-postgres-1|203.27%|1.516GiB / 7.654GiB;astravector-qdrant-1|16.28%|1.029GiB / 7.654GiB;|total = 5120.00M  used = 3836.62M  free = 1283.38M  (encrypted)|{ 11.21 7.43 5.92 }
2026-07-11T15:30:15+05:00,34044,210.9,8.0,1346064,15:49,astravector-postgres-1|195.16%|1.508GiB / 7.654GiB;astravector-qdrant-1|13.23%|1.03GiB / 7.654GiB;|total = 5120.00M  used = 3812.62M  free = 1307.38M  (encrypted)|{ 11.43 7.54 5.97 }
2026-07-11T15:30:21+05:00,34044,166.7,7.9,1329152,15:57,astravector-postgres-1|287.62%|1.51GiB / 7.654GiB;astravector-qdrant-1|19.75%|1.029GiB / 7.654GiB;|total = 5120.00M  used = 3804.62M  free = 1315.38M  (encrypted)|{ 13.61 8.13 6.20 }
2026-07-11T15:30:29+05:00,34044,213.4,8.0,1336992,16:03,astravector-postgres-1|291.22%|1.514GiB / 7.654GiB;astravector-qdrant-1|12.10%|1.028GiB / 7.654GiB;|total = 5120.00M  used = 3804.62M  free = 1315.38M  (encrypted)|{ 14.28 8.36 6.29 }
2026-07-11T15:30:37+05:00,34044,191.2,8.0,1340528,16:11,astravector-postgres-1|199.25%|1.512GiB / 7.654GiB;astravector-qdrant-1|12.57%|1.027GiB / 7.654GiB;|total = 5120.00M  used = 3804.62M  free = 1315.38M  (encrypted)|{ 13.96 8.48 6.36 }
2026-07-11T15:30:44+05:00,34044,0.0,8.0,1335104,16:19,astravector-postgres-1|0.50%|1.51GiB / 7.654GiB;astravector-qdrant-1|0.23%|1.027GiB / 7.654GiB;|total = 5120.00M  used = 3804.62M  free = 1315.38M  (encrypted)|{ 13.08 8.39 6.34 }
2026-07-11T15:30:51+05:00,34044,0.0,7.9,1332848,16:26,astravector-postgres-1|0.50%|1.51GiB / 7.654GiB;astravector-qdrant-1|0.15%|1.015GiB / 7.654GiB;|total = 5120.00M  used = 3804.62M  free = 1315.38M  (encrypted)|{ 12.74 8.46 6.39 }
2026-07-11T15:30:59+05:00,34044,0.0,7.9,1331600,16:33,astravector-postgres-1|3.77%|1.51GiB / 7.654GiB;astravector-qdrant-1|0.34%|1.01GiB / 7.654GiB;|total = 5120.00M  used = 3804.62M  free = 1315.38M  (encrypted)|{ 11.96 8.37 6.37 }
2026-07-11T15:31:06+05:00,34044,0.0,7.9,1330096,16:41,astravector-postgres-1|0.50%|1.51GiB / 7.654GiB;astravector-qdrant-1|0.14%|1.01GiB / 7.654GiB;|total = 5120.00M  used = 3804.62M  free = 1315.38M  (encrypted)|{ 10.50 8.17 6.32 }
2026-07-11T15:31:14+05:00,34044,0.0,7.7,1295392,16:48,astravector-postgres-1|0.55%|1.511GiB / 7.654GiB;astravector-qdrant-1|0.12%|1.01GiB / 7.654GiB;|total = 5120.00M  used = 3804.62M  free = 1315.38M  (encrypted)|{ 9.90 8.09 6.30 }
2026-07-11T15:31:21+05:00,34044,0.0,7.7,1293456,16:56,astravector-postgres-1|0.53%|1.51GiB / 7.654GiB;astravector-qdrant-1|0.14%|1.01GiB / 7.654GiB;|total = 5120.00M  used = 3804.62M  free = 1315.38M  (encrypted)|{ 9.05 7.97 6.28 }
2026-07-11T15:31:29+05:00,34044,0.1,7.7,1293584,17:03,astravector-postgres-1|3.64%|1.51GiB / 7.654GiB;astravector-qdrant-1|0.31%|1.01GiB / 7.654GiB;|total = 5120.00M  used = 3804.62M  free = 1315.38M  (encrypted)|{ 8.73 7.92 6.27 }
2026-07-11T15:31:36+05:00,34044,0.1,7.7,1289248,17:11,astravector-postgres-1|0.49%|1.513GiB / 7.654GiB;astravector-qdrant-1|0.27%|1.01GiB / 7.654GiB;|total = 5120.00M  used = 3804.62M  free = 1315.38M  (encrypted)|{ 7.77 7.74 6.23 }
2026-07-11T15:31:44+05:00,34044,289.8,8.0,1337248,17:18,astravector-postgres-1|215.32%|1.515GiB / 7.654GiB;astravector-qdrant-1|13.86%|1.032GiB / 7.654GiB;|total = 5120.00M  used = 3804.62M  free = 1315.38M  (encrypted)|{ 8.51 7.89 6.29 }
2026-07-11T15:31:51+05:00,34044,293.7,8.0,1343472,17:26,astravector-postgres-1|212.90%|1.513GiB / 7.654GiB;astravector-qdrant-1|14.21%|1.031GiB / 7.654GiB;|total = 5120.00M  used = 3804.62M  free = 1315.38M  (encrypted)|{ 9.20 8.06 6.37 }
2026-07-11T15:31:59+05:00,34044,293.5,8.0,1349792,17:33,astravector-postgres-1|236.14%|1.522GiB / 7.654GiB;astravector-qdrant-1|20.40%|1.034GiB / 7.654GiB;|total = 5120.00M  used = 3804.62M  free = 1315.38M  (encrypted)|{ 10.06 8.26 6.45 }
2026-07-11T15:32:07+05:00,34044,314.6,8.1,1353296,17:41,astravector-postgres-1|244.88%|1.522GiB / 7.654GiB;astravector-qdrant-1|16.35%|1.036GiB / 7.654GiB;|total = 5120.00M  used = 3796.62M  free = 1323.38M  (encrypted)|{ 10.06 8.32 6.49 }
2026-07-11T15:32:14+05:00,34044,315.5,8.1,1362320,17:49,astravector-postgres-1|324.34%|1.644GiB / 7.654GiB;astravector-qdrant-1|27.42%|1.044GiB / 7.654GiB;|total = 5120.00M  used = 3764.62M  free = 1355.38M  (encrypted)|{ 10.54 8.44 6.54 }
2026-07-11T15:32:21+05:00,34044,290.4,8.1,1357408,17:56,astravector-postgres-1|395.99%|1.8GiB / 7.654GiB;astravector-qdrant-1|15.54%|1.041GiB / 7.654GiB;|total = 5120.00M  used = 3756.62M  free = 1363.38M  (encrypted)|{ 12.59 8.95 6.75 }
2026-07-11T15:32:29+05:00,34044,294.0,8.2,1370624,18:03,astravector-postgres-1|361.43%|1.89GiB / 7.654GiB;astravector-qdrant-1|31.50%|1.07GiB / 7.654GiB;|total = 5120.00M  used = 3740.62M  free = 1379.38M  (encrypted)|{ 13.34 9.17 6.84 }
2026-07-11T15:32:37+05:00,34044,267.4,8.2,1378672,18:11,astravector-postgres-1|391.79%|1.906GiB / 7.654GiB;astravector-qdrant-1|40.44%|1.066GiB / 7.654GiB;|total = 5120.00M  used = 3740.62M  free = 1379.38M  (encrypted)|{ 15.07 9.68 7.04 }
2026-07-11T15:32:45+05:00,34044,309.2,8.3,1387696,18:19,astravector-postgres-1|385.13%|1.964GiB / 7.654GiB;astravector-qdrant-1|7.73%|1.084GiB / 7.654GiB;|total = 5120.00M  used = 3740.62M  free = 1379.38M  (encrypted)|{ 15.31 9.81 7.11 }
2026-07-11T15:32:51+05:00,34044,321.7,8.1,1354112,18:27,astravector-postgres-1|6.32%|1.961GiB / 7.654GiB;astravector-qdrant-1|0.15%|1.072GiB / 7.654GiB;|total = 5120.00M  used = 3740.62M  free = 1379.38M  (encrypted)|{ 14.12 9.74 7.11 }
2026-07-11T15:32:59+05:00,34044,106.3,8.0,1346096,18:33,astravector-postgres-1|402.29%|2.013GiB / 7.654GiB;astravector-qdrant-1|21.22%|1.073GiB / 7.654GiB;|total = 5120.00M  used = 3724.62M  free = 1395.38M  (encrypted)|{ 13.47 9.68 7.10 }
2026-07-11T15:33:07+05:00,34044,346.0,8.1,1364400,18:41,astravector-postgres-1|190.27%|2.066GiB / 7.654GiB;astravector-qdrant-1|8.54%|1.067GiB / 7.654GiB;|total = 5120.00M  used = 3708.62M  free = 1411.38M  (encrypted)|{ 12.55 9.60 7.11 }
2026-07-11T15:33:15+05:00,34044,277.1,7.8,1315808,18:49,astravector-postgres-1|1.09%|2.068GiB / 7.654GiB;astravector-qdrant-1|6.89%|1.057GiB / 7.654GiB;|total = 5120.00M  used = 3708.62M  free = 1411.38M  (encrypted)|{ 12.27 9.59 7.12 }
2026-07-11T15:33:22+05:00,34044,323.1,7.8,1304032,18:57,astravector-postgres-1|487.77%|2.125GiB / 7.654GiB;astravector-qdrant-1|30.19%|1.059GiB / 7.654GiB;|total = 5120.00M  used = 3700.62M  free = 1419.38M  (encrypted)|{ 13.41 9.92 7.26 }
2026-07-11T15:33:30+05:00,34044,139.1,8.1,1361280,19:05,astravector-postgres-1|403.35%|2.162GiB / 7.654GiB;astravector-qdrant-1|32.05%|1.079GiB / 7.654GiB;|total = 5120.00M  used = 3692.62M  free = 1427.38M  (encrypted)|{ 14.90 10.29 7.41 }
2026-07-11T15:33:37+05:00,34044,280.3,8.0,1342192,19:12,astravector-postgres-1|243.79%|2.167GiB / 7.654GiB;astravector-qdrant-1|23.50%|1.085GiB / 7.654GiB;|total = 5120.00M  used = 3692.62M  free = 1427.38M  (encrypted)|{ 15.87 10.65 7.57 }
2026-07-11T15:33:45+05:00,34044,208.9,8.0,1349888,19:19,astravector-postgres-1|608.13%|2.219GiB / 7.654GiB;astravector-qdrant-1|65.18%|1.099GiB / 7.654GiB;|total = 5120.00M  used = 3684.62M  free = 1435.38M  (encrypted)|{ 19.25 11.44 7.87 }
2026-07-11T15:33:53+05:00,34044,323.7,8.0,1348256,19:27,astravector-postgres-1|62.78%|2.21GiB / 7.654GiB;astravector-qdrant-1|0.57%|1.086GiB / 7.654GiB;|total = 5120.00M  used = 3676.62M  free = 1443.38M  (encrypted)|{ 18.84 11.62 7.97 }
2026-07-11T15:34:01+05:00,34044,248.7,8.1,1352656,19:35,astravector-postgres-1|317.65%|2.242GiB / 7.654GiB;astravector-qdrant-1|18.95%|1.093GiB / 7.654GiB;|total = 5120.00M  used = 3676.62M  free = 1443.38M  (encrypted)|{ 18.93 11.76 8.04 }
2026-07-11T15:34:08+05:00,34044,295.6,8.1,1361408,19:43,astravector-postgres-1|420.48%|2.242GiB / 7.654GiB;astravector-qdrant-1|88.70%|1.089GiB / 7.654GiB;|total = 5120.00M  used = 3676.62M  free = 1443.38M  (encrypted)|{ 21.53 12.56 8.37 }
2026-07-11T15:34:16+05:00,34044,243.1,8.0,1349552,19:50,astravector-postgres-1|376.97%|2.244GiB / 7.654GiB;astravector-qdrant-1|24.99%|1.09GiB / 7.654GiB;|total = 5120.00M  used = 3668.62M  free = 1451.38M  (encrypted)|{ 22.23 13.01 8.58 }
2026-07-11T15:34:24+05:00,34044,136.3,8.1,1356784,19:58,astravector-postgres-1|320.77%|2.269GiB / 7.654GiB;astravector-qdrant-1|25.11%|1.117GiB / 7.654GiB;|total = 5120.00M  used = 3652.62M  free = 1467.38M  (encrypted)|{ 21.57 13.03 8.61 }
2026-07-11T15:34:31+05:00,34044,160.7,8.2,1383904,20:06,astravector-postgres-1|344.99%|2.268GiB / 7.654GiB;astravector-qdrant-1|7.81%|1.114GiB / 7.654GiB;|total = 5120.00M  used = 3652.62M  free = 1467.38M  (encrypted)|{ 21.61 13.18 8.69 }
2026-07-11T15:34:38+05:00,34044,141.2,8.3,1391808,20:13,astravector-postgres-1|305.08%|2.265GiB / 7.654GiB;astravector-qdrant-1|24.21%|1.114GiB / 7.654GiB;|total = 5120.00M  used = 3644.62M  free = 1475.38M  (encrypted)|{ 21.57 13.45 8.84 }
2026-07-11T15:34:46+05:00,34044,172.5,8.3,1399328,20:20,astravector-postgres-1|271.32%|2.285GiB / 7.654GiB;astravector-qdrant-1|25.09%|1.115GiB / 7.654GiB;|total = 5120.00M  used = 3644.62M  free = 1475.38M  (encrypted)|{ 21.69 13.75 9.00 }
2026-07-11T15:34:54+05:00,34044,173.4,8.3,1388544,20:28,astravector-postgres-1|338.87%|2.267GiB / 7.654GiB;astravector-qdrant-1|43.00%|1.111GiB / 7.654GiB;|total = 5120.00M  used = 3644.62M  free = 1475.38M  (encrypted)|{ 20.44 13.62 8.98 }
2026-07-11T15:35:00+05:00,34044,274.2,8.4,1403232,20:36,astravector-postgres-1|462.30%|2.274GiB / 7.654GiB;astravector-qdrant-1|8.23%|1.111GiB / 7.654GiB;|total = 5120.00M  used = 3644.62M  free = 1475.38M  (encrypted)|{ 19.52 13.54 8.98 }
2026-07-11T15:35:08+05:00,34044,189.9,8.4,1405264,20:43,astravector-postgres-1|287.19%|2.267GiB / 7.654GiB;astravector-qdrant-1|16.55%|1.111GiB / 7.654GiB;|total = 5120.00M  used = 3636.62M  free = 1483.38M  (encrypted)|{ 19.55 13.74 9.10 }
2026-07-11T15:35:16+05:00,34044,350.3,8.3,1395888,20:50,astravector-postgres-1|184.75%|2.268GiB / 7.654GiB;astravector-qdrant-1|30.18%|1.115GiB / 7.654GiB;|total = 5120.00M  used = 3636.62M  free = 1483.38M  (encrypted)|{ 19.16 13.83 9.19 }
2026-07-11T15:35:24+05:00,34044,246.1,8.3,1396064,20:58,astravector-postgres-1|375.24%|2.269GiB / 7.654GiB;astravector-qdrant-1|11.45%|1.113GiB / 7.654GiB;|total = 5120.00M  used = 3628.62M  free = 1491.38M  (encrypted)|{ 18.34 13.75 9.19 }
2026-07-11T15:35:31+05:00,34044,117.4,8.3,1392608,21:06,astravector-postgres-1|596.16%|2.274GiB / 7.654GiB;astravector-qdrant-1|24.90%|1.111GiB / 7.654GiB;|total = 5120.00M  used = 3628.62M  free = 1491.38M  (encrypted)|{ 17.83 13.72 9.20 }
2026-07-11T15:35:38+05:00,34044,257.3,8.2,1382592,21:13,astravector-postgres-1|337.49%|2.272GiB / 7.654GiB;astravector-qdrant-1|30.63%|1.109GiB / 7.654GiB;|total = 5120.00M  used = 3620.62M  free = 1499.38M  (encrypted)|{ 17.79 13.84 9.30 }
2026-07-11T15:35:46+05:00,34044,249.0,8.3,1400496,21:20,astravector-postgres-1|241.64%|2.269GiB / 7.654GiB;astravector-qdrant-1|18.54%|1.117GiB / 7.654GiB;|total = 5120.00M  used = 3620.62M  free = 1499.38M  (encrypted)|{ 18.29 14.08 9.44 }
2026-07-11T15:35:54+05:00,34044,284.3,8.3,1399312,21:28,astravector-postgres-1|387.31%|2.269GiB / 7.654GiB;astravector-qdrant-1|21.42%|1.109GiB / 7.654GiB;|total = 5120.00M  used = 3620.62M  free = 1499.38M  (encrypted)|{ 18.51 14.20 9.50 }
2026-07-11T15:36:01+05:00,34044,192.7,8.3,1394368,21:36,astravector-postgres-1|345.53%|2.274GiB / 7.654GiB;astravector-qdrant-1|19.62%|1.103GiB / 7.654GiB;|total = 5120.00M  used = 3604.62M  free = 1515.38M  (encrypted)|{ 18.47 14.26 9.55 }
2026-07-11T15:36:07+05:00,34044,243.6,8.1,1358992,21:43,astravector-postgres-1|359.46%|2.275GiB / 7.654GiB;astravector-qdrant-1|12.23%|1.102GiB / 7.654GiB;|total = 5120.00M  used = 3604.62M  free = 1515.38M  (encrypted)|{ 23.65 15.51 10.05 }
2026-07-11T15:36:15+05:00,34044,202.3,7.7,1287312,21:49,astravector-postgres-1|184.80%|2.269GiB / 7.654GiB;astravector-qdrant-1|43.67%|1.106GiB / 7.654GiB;|total = 5120.00M  used = 3596.62M  free = 1523.38M  (encrypted)|{ 23.59 15.64 10.13 }
2026-07-11T15:36:23+05:00,34044,238.7,8.2,1369696,21:57,astravector-postgres-1|370.20%|2.27GiB / 7.654GiB;astravector-qdrant-1|23.32%|1.113GiB / 7.654GiB;|total = 5120.00M  used = 3596.62M  free = 1523.38M  (encrypted)|{ 23.29 15.83 10.26 }
2026-07-11T15:36:30+05:00,34044,288.7,8.2,1370976,22:05,astravector-postgres-1|444.31%|2.278GiB / 7.654GiB;astravector-qdrant-1|12.87%|1.112GiB / 7.654GiB;|total = 5120.00M  used = 3596.62M  free = 1523.38M  (encrypted)|{ 22.94 15.88 10.31 }
2026-07-11T15:36:37+05:00,34044,232.6,8.3,1384592,22:12,astravector-postgres-1|218.79%|2.299GiB / 7.654GiB;astravector-qdrant-1|7.69%|1.114GiB / 7.654GiB;|total = 5120.00M  used = 3580.62M  free = 1539.38M  (encrypted)|{ 22.56 16.05 10.44 }
2026-07-11T15:36:44+05:00,34044,0.2,8.3,1391072,22:19,astravector-postgres-1|0.81%|2.119GiB / 7.654GiB;astravector-qdrant-1|0.55%|1.106GiB / 7.654GiB;|total = 5120.00M  used = 3580.62M  free = 1539.38M  (encrypted)|{ 20.99 15.83 10.39 }
2026-07-11T15:36:51+05:00,34044,0.1,8.2,1381232,22:26,astravector-postgres-1|0.59%|2.119GiB / 7.654GiB;astravector-qdrant-1|1.47%|1.087GiB / 7.654GiB;|total = 5120.00M  used = 3580.62M  free = 1539.38M  (encrypted)|{ 18.08 15.38 10.29 }
2026-07-11T15:36:58+05:00,34044,0.0,8.2,1379456,22:33,astravector-postgres-1|0.53%|2.119GiB / 7.654GiB;astravector-qdrant-1|0.46%|1.076GiB / 7.654GiB;|total = 5120.00M  used = 3580.62M  free = 1539.38M  (encrypted)|{ 17.51 15.30 10.30 }
2026-07-11T15:37:06+05:00,34044,0.0,8.2,1369664,22:40,astravector-postgres-1|0.62%|2.119GiB / 7.654GiB;astravector-qdrant-1|0.31%|1.076GiB / 7.654GiB;|total = 5120.00M  used = 3580.62M  free = 1539.38M  (encrypted)|{ 16.27 15.08 10.25 }
2026-07-11T15:37:13+05:00,34044,0.4,4.5,760176,22:48,astravector-postgres-1|0.82%|2.12GiB / 7.654GiB;astravector-qdrant-1|0.15%|1.076GiB / 7.654GiB;|total = 5120.00M  used = 3580.62M  free = 1539.38M  (encrypted)|{ 13.92 14.62 10.14 }
2026-07-11T15:37:20+05:00,34044,0.0,4.2,698048,22:55,astravector-postgres-1|0.51%|2.121GiB / 7.654GiB;astravector-qdrant-1|0.30%|1.076GiB / 7.654GiB;|total = 5120.00M  used = 3580.62M  free = 1539.38M  (encrypted)|{ 12.97 14.41 10.09 }
2026-07-11T15:37:28+05:00,34044,0.6,3.9,656192,23:02,astravector-postgres-1|8.18%|2.123GiB / 7.654GiB;astravector-qdrant-1|1.35%|1.076GiB / 7.654GiB;|total = 5120.00M  used = 3580.62M  free = 1539.38M  (encrypted)|{ 11.44 14.03 10.01 }
2026-07-11T15:37:35+05:00,34044,0.0,0.4,71936,23:10,astravector-postgres-1|1.47%|2.123GiB / 7.654GiB;astravector-qdrant-1|0.18%|1.076GiB / 7.654GiB;|total = 5120.00M  used = 3564.88M  free = 1555.12M  (encrypted)|{ 10.68 13.83 9.96 }
2026-07-11T15:37:41+05:00,34044,203.3,7.5,1264272,23:17,astravector-postgres-1|61.90%|2.123GiB / 7.654GiB;astravector-qdrant-1|7.52%|1.087GiB / 7.654GiB;|total = 5120.00M  used = 3548.88M  free = 1571.12M  (encrypted)|{ 9.11 13.39 9.85 }
2026-07-11T15:37:49+05:00,34044,69.0,7.8,1304624,23:23,astravector-postgres-1|50.20%|2.129GiB / 7.654GiB;astravector-qdrant-1|8.31%|1.091GiB / 7.654GiB;|total = 4096.00M  used = 3360.25M  free = 735.75M  (encrypted)|{ 8.78 13.25 9.82 }
2026-07-11T15:37:56+05:00,34044,60.8,7.9,1319408,23:31,astravector-postgres-1|38.78%|2.122GiB / 7.654GiB;astravector-qdrant-1|3.86%|1.092GiB / 7.654GiB;|total = 4096.00M  used = 3360.25M  free = 735.75M  (encrypted)|{ 7.81 12.90 9.74 }
2026-07-11T15:38:04+05:00,34044,52.6,7.7,1297536,23:38,astravector-postgres-1|37.03%|2.123GiB / 7.654GiB;astravector-qdrant-1|6.57%|1.091GiB / 7.654GiB;|total = 4096.00M  used = 3328.25M  free = 767.75M  (encrypted)|{ 7.43 12.73 9.70 }
2026-07-11T15:38:11+05:00,34044,46.1,7.7,1288096,23:46,astravector-postgres-1|35.10%|2.124GiB / 7.654GiB;astravector-qdrant-1|6.89%|1.09GiB / 7.654GiB;|total = 4096.00M  used = 3272.25M  free = 823.75M  (encrypted)|{ 8.09 12.69 9.72 }
2026-07-11T15:38:19+05:00,34044,76.3,7.8,1306480,23:53,astravector-postgres-1|53.01%|2.124GiB / 7.654GiB;astravector-qdrant-1|5.07%|1.09GiB / 7.654GiB;|total = 4096.00M  used = 3256.25M  free = 839.75M  (encrypted)|{ 7.68 12.53 9.68 }
2026-07-11T15:38:27+05:00,34044,61.7,7.8,1310608,24:01,astravector-postgres-1|48.72%|2.124GiB / 7.654GiB;astravector-qdrant-1|5.59%|1.091GiB / 7.654GiB;|total = 4096.00M  used = 3256.25M  free = 839.75M  (encrypted)|{ 6.73 12.17 9.58 }
2026-07-11T15:38:34+05:00,34044,40.6,7.9,1318928,24:09,astravector-postgres-1|34.30%|2.124GiB / 7.654GiB;astravector-qdrant-1|6.14%|1.09GiB / 7.654GiB;|total = 4096.00M  used = 3256.25M  free = 839.75M  (encrypted)|{ 6.35 12.00 9.54 }
2026-07-11T15:38:41+05:00,34044,26.9,7.7,1289312,24:16,astravector-postgres-1|33.37%|2.124GiB / 7.654GiB;astravector-qdrant-1|4.78%|1.09GiB / 7.654GiB;|total = 4096.00M  used = 3256.25M  free = 839.75M  (encrypted)|{ 5.85 11.70 9.46 }
2026-07-11T15:38:49+05:00,34044,30.6,7.9,1319328,24:23,astravector-postgres-1|38.54%|2.133GiB / 7.654GiB;astravector-qdrant-1|5.04%|1.092GiB / 7.654GiB;|total = 4096.00M  used = 3256.25M  free = 839.75M  (encrypted)|{ 5.38 11.51 9.40 }
2026-07-11T15:38:56+05:00,34044,68.5,7.9,1319248,24:31,astravector-postgres-1|33.34%|2.124GiB / 7.654GiB;astravector-qdrant-1|4.98%|1.091GiB / 7.654GiB;|total = 4096.00M  used = 3256.25M  free = 839.75M  (encrypted)|{ 4.70 11.16 9.31 }
2026-07-11T15:39:04+05:00,34044,64.5,7.9,1320656,24:38,astravector-postgres-1|32.67%|2.124GiB / 7.654GiB;astravector-qdrant-1|4.42%|1.091GiB / 7.654GiB;|total = 4096.00M  used = 3256.25M  free = 839.75M  (encrypted)|{ 4.40 10.99 9.26 }
2026-07-11T15:39:11+05:00,34044,40.8,7.8,1301856,24:46,astravector-postgres-1|61.65%|2.124GiB / 7.654GiB;astravector-qdrant-1|5.52%|1.091GiB / 7.654GiB;|total = 4096.00M  used = 3256.25M  free = 839.75M  (encrypted)|{ 4.18 10.73 9.18 }
2026-07-11T15:39:19+05:00,34044,88.6,7.9,1318800,24:53,astravector-postgres-1|32.63%|2.124GiB / 7.654GiB;astravector-qdrant-1|4.93%|1.09GiB / 7.654GiB;|total = 4096.00M  used = 3495.75M  free = 600.25M  (encrypted)|{ 4.00 10.58 9.14 }
2026-07-11T15:39:26+05:00,34044,41.1,7.8,1309008,25:01,astravector-postgres-1|33.76%|2.124GiB / 7.654GiB;astravector-qdrant-1|6.25%|1.091GiB / 7.654GiB;|total = 4096.00M  used = 3495.75M  free = 600.25M  (encrypted)|{ 3.92 10.46 9.10 }
2026-07-11T15:39:33+05:00,34044,23.7,7.9,1318656,25:08,astravector-postgres-1|33.47%|2.124GiB / 7.654GiB;astravector-qdrant-1|5.24%|1.091GiB / 7.654GiB;|total = 4096.00M  used = 3495.75M  free = 600.25M  (encrypted)|{ 3.86 10.23 9.04 }
2026-07-11T15:39:40+05:00,34044,20.9,7.8,1307840,25:15,astravector-postgres-1|35.69%|2.126GiB / 7.654GiB;astravector-qdrant-1|5.76%|1.09GiB / 7.654GiB;|total = 4096.00M  used = 3495.75M  free = 600.25M  (encrypted)|{ 3.63 10.08 8.99 }
2026-07-11T15:39:48+05:00,34044,80.5,7.9,1319584,25:22,astravector-postgres-1|33.75%|2.124GiB / 7.654GiB;astravector-qdrant-1|5.58%|1.093GiB / 7.654GiB;|total = 4096.00M  used = 3495.75M  free = 600.25M  (encrypted)|{ 3.61 9.86 8.93 }
2026-07-11T15:39:56+05:00,34044,79.6,7.9,1322480,25:30,astravector-postgres-1|31.50%|2.124GiB / 7.654GiB;astravector-qdrant-1|3.67%|1.093GiB / 7.654GiB;|total = 4096.00M  used = 3495.75M  free = 600.25M  (encrypted)|{ 3.56 9.74 8.89 }
2026-07-11T15:40:03+05:00,34044,50.3,7.8,1314064,25:38,astravector-postgres-1|32.06%|2.124GiB / 7.654GiB;astravector-qdrant-1|5.03%|1.091GiB / 7.654GiB;|total = 4096.00M  used = 3495.75M  free = 600.25M  (encrypted)|{ 4.09 9.65 8.87 }
2026-07-11T15:40:10+05:00,34044,31.4,7.7,1298112,25:45,astravector-postgres-1|39.61%|2.127GiB / 7.654GiB;astravector-qdrant-1|5.28%|1.09GiB / 7.654GiB;|total = 4096.00M  used = 3455.69M  free = 640.31M  (encrypted)|{ 4.16 9.58 8.85 }
2026-07-11T15:40:18+05:00,34044,54.0,7.8,1315024,25:52,astravector-postgres-1|22.38%|2.124GiB / 7.654GiB;astravector-qdrant-1|9.56%|1.091GiB / 7.654GiB;|total = 4096.00M  used = 3447.69M  free = 648.31M  (encrypted)|{ 5.00 9.57 8.85 }
2026-07-11T15:40:26+05:00,34044,57.8,7.8,1310768,26:00,astravector-postgres-1|40.18%|2.124GiB / 7.654GiB;astravector-qdrant-1|5.41%|1.091GiB / 7.654GiB;|total = 4096.00M  used = 3447.69M  free = 648.31M  (encrypted)|{ 4.84 9.46 8.82 }
2026-07-11T15:40:33+05:00,34044,32.4,7.8,1315920,26:08,astravector-postgres-1|38.21%|2.124GiB / 7.654GiB;astravector-qdrant-1|5.03%|1.091GiB / 7.654GiB;|total = 4096.00M  used = 3447.69M  free = 648.31M  (encrypted)|{ 4.63 9.27 8.76 }
2026-07-11T15:40:40+05:00,34044,82.8,7.9,1320144,26:15,astravector-postgres-1|5.40%|2.124GiB / 7.654GiB;astravector-qdrant-1|0.33%|1.09GiB / 7.654GiB;|total = 4096.00M  used = 3447.69M  free = 648.31M  (encrypted)|{ 4.82 9.23 8.75 }
2026-07-11T15:40:48+05:00,34044,0.1,7.9,1320576,26:22,astravector-postgres-1|0.89%|2.124GiB / 7.654GiB;astravector-qdrant-1|0.15%|1.088GiB / 7.654GiB;|total = 4096.00M  used = 3447.69M  free = 648.31M  (encrypted)|{ 4.45 9.01 8.67 }
2026-07-11T15:40:56+05:00,34044,0.0,7.9,1319552,26:30,astravector-postgres-1|4.01%|2.124GiB / 7.654GiB;astravector-qdrant-1|0.17%|1.078GiB / 7.654GiB;|total = 4096.00M  used = 3447.69M  free = 648.31M  (encrypted)|{ 4.49 8.94 8.65 }
2026-07-11T15:41:02+05:00,34044,0.0,7.9,1319728,26:38,astravector-postgres-1|0.62%|2.124GiB / 7.654GiB;astravector-qdrant-1|0.24%|1.076GiB / 7.654GiB;|total = 4096.00M  used = 3447.69M  free = 648.31M  (encrypted)|{ 3.96 8.68 8.56 }
2026-07-11T15:41:09+05:00,34044,0.1,7.6,1271328,26:44,astravector-postgres-1|0.63%|2.124GiB / 7.654GiB;astravector-qdrant-1|0.87%|1.076GiB / 7.654GiB;|total = 4096.00M  used = 3439.69M  free = 656.31M  (encrypted)|{ 3.65 8.53 8.51 }
2026-07-11T15:41:17+05:00,34044,0.0,6.9,1161072,26:51,astravector-postgres-1|4.71%|2.124GiB / 7.654GiB;astravector-qdrant-1|0.11%|1.075GiB / 7.654GiB;|total = 4096.00M  used = 3439.69M  free = 656.31M  (encrypted)|{ 3.47 8.33 8.44 }
2026-07-11T15:41:25+05:00,34044,0.0,2.4,409824,26:59,astravector-postgres-1|1.48%|2.124GiB / 7.654GiB;astravector-qdrant-1|1.56%|1.076GiB / 7.654GiB;|total = 4096.00M  used = 3608.62M  free = 487.38M  (encrypted)|{ 3.27 8.21 8.40 }
2026-07-11T15:41:31+05:00,34044,0.0,1.0,169584,27:07,astravector-postgres-1|4.42%|2.124GiB / 7.654GiB;astravector-qdrant-1|0.22%|1.075GiB / 7.654GiB;|total = 4096.00M  used = 3608.62M  free = 487.38M  (encrypted)|{ 3.09 8.09 8.35 }
2026-07-11T15:41:39+05:00,34044,0.0,1.0,169728,27:13,astravector-postgres-1|0.48%|2.124GiB / 7.654GiB;astravector-qdrant-1|1.74%|1.075GiB / 7.654GiB;|total = 4096.00M  used = 3608.62M  free = 487.38M  (encrypted)|{ 3.07 7.92 8.29 }
2026-07-11T15:41:47+05:00,34044,92.4,7.9,1318064,27:21,astravector-postgres-1|60.67%|2.124GiB / 7.654GiB;astravector-qdrant-1|5.22%|1.089GiB / 7.654GiB;|total = 4096.00M  used = 3608.62M  free = 487.38M  (encrypted)|{ 3.46 7.84 8.26 }
2026-07-11T15:41:54+05:00,34044,67.4,7.9,1322320,27:29,astravector-postgres-1|57.24%|2.124GiB / 7.654GiB;astravector-qdrant-1|5.27%|1.088GiB / 7.654GiB;|total = 4096.00M  used = 3608.62M  free = 487.38M  (encrypted)|{ 3.66 7.81 8.24 }
2026-07-11T15:42:01+05:00,34044,63.8,7.9,1322720,27:36,astravector-postgres-1|189.52%|2.124GiB / 7.654GiB;astravector-qdrant-1|20.76%|1.091GiB / 7.654GiB;|total = 4096.00M  used = 3608.62M  free = 487.38M  (encrypted)|{ 3.77 7.77 8.22 }
2026-07-11T15:42:09+05:00,34044,72.2,7.9,1322752,27:43,astravector-postgres-1|61.07%|2.124GiB / 7.654GiB;astravector-qdrant-1|5.34%|1.09GiB / 7.654GiB;|total = 4096.00M  used = 3600.62M  free = 495.38M  (encrypted)|{ 4.21 7.73 8.20 }
2026-07-11T15:42:16+05:00,34044,64.1,7.9,1328656,27:51,astravector-postgres-1|57.72%|2.126GiB / 7.654GiB;astravector-qdrant-1|7.35%|1.09GiB / 7.654GiB;|total = 4096.00M  used = 3600.62M  free = 495.38M  (encrypted)|{ 3.95 7.61 8.16 }
2026-07-11T15:42:23+05:00,34044,95.1,7.9,1329888,27:58,astravector-postgres-1|55.28%|2.124GiB / 7.654GiB;astravector-qdrant-1|4.66%|1.09GiB / 7.654GiB;|total = 4096.00M  used = 3600.62M  free = 495.38M  (encrypted)|{ 3.72 7.44 8.09 }
2026-07-11T15:42:30+05:00,34044,96.5,7.9,1322112,28:05,astravector-postgres-1|56.81%|2.124GiB / 7.654GiB;astravector-qdrant-1|5.11%|1.089GiB / 7.654GiB;|total = 4096.00M  used = 3600.62M  free = 495.38M  (encrypted)|{ 3.75 7.39 8.07 }
2026-07-11T15:42:38+05:00,34044,81.8,7.9,1327616,28:12,astravector-postgres-1|56.36%|2.124GiB / 7.654GiB;astravector-qdrant-1|5.86%|1.089GiB / 7.654GiB;|total = 4096.00M  used = 3654.25M  free = 441.75M  (encrypted)|{ 3.69 7.26 8.02 }
2026-07-11T15:42:46+05:00,34044,83.9,7.9,1326528,28:20,astravector-postgres-1|57.06%|2.124GiB / 7.654GiB;astravector-qdrant-1|5.35%|1.088GiB / 7.654GiB;|total = 4096.00M  used = 3654.25M  free = 441.75M  (encrypted)|{ 3.64 7.19 7.99 }
2026-07-11T15:42:52+05:00,34044,81.7,7.9,1327760,28:28,astravector-postgres-1|59.41%|2.124GiB / 7.654GiB;astravector-qdrant-1|5.74%|1.086GiB / 7.654GiB;|total = 4096.00M  used = 3654.25M  free = 441.75M  (encrypted)|{ 3.46 7.03 7.92 }
2026-07-11T15:42:59+05:00,34044,76.7,7.9,1329328,28:34,astravector-postgres-1|59.15%|2.124GiB / 7.654GiB;astravector-qdrant-1|4.83%|1.086GiB / 7.654GiB;|total = 4096.00M  used = 3654.25M  free = 441.75M  (encrypted)|{ 3.59 7.00 7.90 }
2026-07-11T15:43:07+05:00,34044,81.2,7.9,1329600,28:41,astravector-postgres-1|56.10%|2.124GiB / 7.654GiB;astravector-qdrant-1|4.96%|1.087GiB / 7.654GiB;|total = 4096.00M  used = 3654.25M  free = 441.75M  (encrypted)|{ 5.26 7.23 7.98 }
2026-07-11T15:43:14+05:00,34044,90.8,7.9,1323712,28:49,astravector-postgres-1|57.91%|2.132GiB / 7.654GiB;astravector-qdrant-1|5.51%|1.085GiB / 7.654GiB;|total = 4096.00M  used = 3654.25M  free = 441.75M  (encrypted)|{ 5.00 7.14 7.94 }
2026-07-11T15:43:21+05:00,34044,91.2,7.9,1324000,28:57,astravector-postgres-1|57.41%|2.124GiB / 7.654GiB;astravector-qdrant-1|5.15%|1.087GiB / 7.654GiB;|total = 4096.00M  used = 3654.25M  free = 441.75M  (encrypted)|{ 4.84 7.08 7.91 }
2026-07-11T15:43:29+05:00,34044,71.8,7.9,1326352,29:03,astravector-postgres-1|57.20%|2.124GiB / 7.654GiB;astravector-qdrant-1|5.73%|1.086GiB / 7.654GiB;|total = 4096.00M  used = 3654.25M  free = 441.75M  (encrypted)|{ 4.32 6.89 7.84 }
2026-07-11T15:43:37+05:00,34044,92.4,7.9,1324512,29:11,astravector-postgres-1|60.30%|2.124GiB / 7.654GiB;astravector-qdrant-1|5.84%|1.084GiB / 7.654GiB;|total = 4096.00M  used = 3654.25M  free = 441.75M  (encrypted)|{ 4.54 6.89 7.83 }
2026-07-11T15:43:44+05:00,34044,87.5,7.9,1325184,29:19,astravector-postgres-1|59.62%|2.124GiB / 7.654GiB;astravector-qdrant-1|5.72%|1.085GiB / 7.654GiB;|total = 4096.00M  used = 3654.25M  free = 441.75M  (encrypted)|{ 4.39 6.78 7.78 }
2026-07-11T15:43:51+05:00,34044,66.2,7.9,1320208,29:26,astravector-postgres-1|57.20%|2.124GiB / 7.654GiB;astravector-qdrant-1|5.19%|1.083GiB / 7.654GiB;|total = 4096.00M  used = 3654.25M  free = 441.75M  (encrypted)|{ 4.20 6.70 7.75 }
2026-07-11T15:43:59+05:00,34044,70.7,7.9,1322496,29:33,astravector-postgres-1|60.47%|2.124GiB / 7.654GiB;astravector-qdrant-1|5.31%|1.082GiB / 7.654GiB;|total = 4096.00M  used = 3654.25M  free = 441.75M  (encrypted)|{ 3.94 6.56 7.68 }
2026-07-11T15:44:07+05:00,34044,90.6,7.9,1322336,29:41,astravector-postgres-1|57.91%|2.125GiB / 7.654GiB;astravector-qdrant-1|5.71%|1.084GiB / 7.654GiB;|total = 4096.00M  used = 3654.25M  free = 441.75M  (encrypted)|{ 3.78 6.49 7.65 }
2026-07-11T15:44:14+05:00,34044,90.9,7.9,1321152,29:49,astravector-postgres-1|57.68%|2.124GiB / 7.654GiB;astravector-qdrant-1|5.10%|1.085GiB / 7.654GiB;|total = 4096.00M  used = 3654.25M  free = 441.75M  (encrypted)|{ 4.70 6.59 7.67 }
2026-07-11T15:44:21+05:00,34044,65.2,7.9,1322544,29:56,astravector-postgres-1|57.66%|2.124GiB / 7.654GiB;astravector-qdrant-1|4.81%|1.084GiB / 7.654GiB;|total = 4096.00M  used = 3654.25M  free = 441.75M  (encrypted)|{ 4.40 6.49 7.63 }
2026-07-11T15:44:29+05:00,34044,71.1,7.9,1324240,30:03,astravector-postgres-1|86.40%|1.735GiB / 7.654GiB;astravector-qdrant-1|5.47%|1.084GiB / 7.654GiB;|total = 4096.00M  used = 3654.25M  free = 441.75M  (encrypted)|{ 3.80 6.30 7.55 }
2026-07-11T15:44:37+05:00,34044,67.5,7.9,1329760,30:11,astravector-postgres-1|57.90%|1.738GiB / 7.654GiB;astravector-qdrant-1|5.72%|1.085GiB / 7.654GiB;|total = 4096.00M  used = 3654.25M  free = 441.75M  (encrypted)|{ 3.65 6.22 7.52 }
2026-07-11T15:44:44+05:00,34044,0.2,7.9,1329088,30:19,astravector-postgres-1|0.62%|1.736GiB / 7.654GiB;astravector-qdrant-1|0.59%|1.082GiB / 7.654GiB;|total = 4096.00M  used = 3646.25M  free = 449.75M  (encrypted)|{ 3.32 6.07 7.44 }
2026-07-11T15:44:51+05:00,34044,0.1,7.9,1324352,30:26,astravector-postgres-1|0.50%|1.736GiB / 7.654GiB;astravector-qdrant-1|1.44%|1.081GiB / 7.654GiB;|total = 4096.00M  used = 3646.25M  free = 449.75M  (encrypted)|{ 3.22 6.00 7.41 }
2026-07-11T15:44:59+05:00,34044,0.1,7.9,1324480,30:33,astravector-postgres-1|11.02%|1.735GiB / 7.654GiB;astravector-qdrant-1|0.34%|1.076GiB / 7.654GiB;|total = 4096.00M  used = 3638.25M  free = 457.75M  (encrypted)|{ 3.24 5.92 7.37 }
2026-07-11T15:45:06+05:00,34044,0.1,3.3,553088,30:41,astravector-postgres-1|0.67%|1.735GiB / 7.654GiB;astravector-qdrant-1|0.55%|1.076GiB / 7.654GiB;|total = 4096.00M  used = 3638.25M  free = 457.75M  (encrypted)|{ 3.22 5.87 7.34 }
2026-07-11T15:45:13+05:00,34044,0.2,0.4,62752,30:48,astravector-postgres-1|0.66%|1.736GiB / 7.654GiB;astravector-qdrant-1|0.16%|1.075GiB / 7.654GiB;|total = 4096.00M  used = 3638.25M  free = 457.75M  (encrypted)|{ 3.04 5.74 7.28 }
2026-07-11T15:45:20+05:00,34044,0.1,0.4,66832,30:55,astravector-postgres-1|0.49%|1.735GiB / 7.654GiB;astravector-qdrant-1|0.22%|1.075GiB / 7.654GiB;|total = 4096.00M  used = 3606.25M  free = 489.75M  (encrypted)|{ 2.96 5.68 7.25 }
2026-07-11T15:45:28+05:00,34044,0.1,0.4,66176,31:02,astravector-postgres-1|4.72%|1.736GiB / 7.654GiB;astravector-qdrant-1|0.18%|1.075GiB / 7.654GiB;|total = 4096.00M  used = 3606.25M  free = 489.75M  (encrypted)|{ 3.11 5.62 7.21 }
2026-07-11T15:45:36+05:00,34044,0.1,0.4,71248,31:10,astravector-postgres-1|0.48%|1.735GiB / 7.654GiB;astravector-qdrant-1|0.20%|1.075GiB / 7.654GiB;|total = 4096.00M  used = 3606.25M  free = 489.75M  (encrypted)|{ 2.86 5.53 7.17 }
2026-07-11T15:45:43+05:00,34044,0.3,0.7,113712,31:18,astravector-postgres-1|94.89%|1.736GiB / 7.654GiB;astravector-qdrant-1|25.76%|1.089GiB / 7.654GiB;|total = 4096.00M  used = 3606.25M  free = 489.75M  (encrypted)|{ 2.81 5.43 7.11 }
2026-07-11T15:45:50+05:00,34044,104.0,7.9,1332192,31:25,astravector-postgres-1|86.53%|1.736GiB / 7.654GiB;astravector-qdrant-1|6.79%|1.09GiB / 7.654GiB;|total = 4096.00M  used = 3606.25M  free = 489.75M  (encrypted)|{ 2.98 5.42 7.10 }
2026-07-11T15:45:58+05:00,34044,109.1,7.9,1333152,31:32,astravector-postgres-1|86.28%|1.736GiB / 7.654GiB;astravector-qdrant-1|7.04%|1.089GiB / 7.654GiB;|total = 4096.00M  used = 3606.25M  free = 489.75M  (encrypted)|{ 3.07 5.36 7.06 }
2026-07-11T15:46:06+05:00,34044,114.7,8.0,1334272,31:40,astravector-postgres-1|88.76%|1.736GiB / 7.654GiB;astravector-qdrant-1|5.93%|1.089GiB / 7.654GiB;|total = 4096.00M  used = 3606.25M  free = 489.75M  (encrypted)|{ 3.39 5.38 7.06 }
2026-07-11T15:46:13+05:00,34044,118.6,7.9,1332480,31:48,astravector-postgres-1|85.01%|1.736GiB / 7.654GiB;astravector-qdrant-1|6.34%|1.089GiB / 7.654GiB;|total = 4096.00M  used = 3606.25M  free = 489.75M  (encrypted)|{ 3.63 5.37 7.03 }
2026-07-11T15:46:20+05:00,34044,128.2,7.9,1333248,31:55,astravector-postgres-1|85.84%|1.735GiB / 7.654GiB;astravector-qdrant-1|6.38%|1.09GiB / 7.654GiB;|total = 4096.00M  used = 3606.25M  free = 489.75M  (encrypted)|{ 3.66 5.35 7.01 }
2026-07-11T15:46:28+05:00,34044,104.6,7.9,1333232,32:02,astravector-postgres-1|90.04%|1.738GiB / 7.654GiB;astravector-qdrant-1|6.47%|1.089GiB / 7.654GiB;|total = 4096.00M  used = 3606.25M  free = 489.75M  (encrypted)|{ 4.25 5.42 7.02 }
2026-07-11T15:46:36+05:00,34044,113.4,7.9,1333568,32:10,astravector-postgres-1|87.51%|1.736GiB / 7.654GiB;astravector-qdrant-1|6.03%|1.091GiB / 7.654GiB;|total = 4096.00M  used = 3606.25M  free = 489.75M  (encrypted)|{ 4.47 5.44 7.02 }
2026-07-11T15:46:43+05:00,34044,117.2,7.9,1331712,32:18,astravector-postgres-1|85.93%|1.736GiB / 7.654GiB;astravector-qdrant-1|6.24%|1.091GiB / 7.654GiB;|total = 4096.00M  used = 3598.25M  free = 497.75M  (encrypted)|{ 4.84 5.49 7.02 }
2026-07-11T15:46:51+05:00,34044,186.5,7.9,1330128,32:25,astravector-postgres-1|94.65%|1.736GiB / 7.654GiB;astravector-qdrant-1|8.36%|1.095GiB / 7.654GiB;|total = 4096.00M  used = 3598.25M  free = 497.75M  (encrypted)|{ 6.46 5.82 7.12 }
2026-07-11T15:46:58+05:00,34044,106.0,8.0,1338640,32:33,astravector-postgres-1|79.19%|1.736GiB / 7.654GiB;astravector-qdrant-1|8.16%|1.094GiB / 7.654GiB;|total = 4096.00M  used = 3598.25M  free = 497.75M  (encrypted)|{ 6.23 5.79 7.10 }
2026-07-11T15:47:06+05:00,34044,115.2,8.0,1342640,32:40,astravector-postgres-1|86.39%|1.736GiB / 7.654GiB;astravector-qdrant-1|5.74%|1.097GiB / 7.654GiB;|total = 4096.00M  used = 3598.25M  free = 497.75M  (encrypted)|{ 5.89 5.73 7.07 }
2026-07-11T15:47:13+05:00,34044,138.6,7.9,1330880,32:48,astravector-postgres-1|183.73%|1.736GiB / 7.654GiB;astravector-qdrant-1|8.28%|1.097GiB / 7.654GiB;|total = 4096.00M  used = 3590.25M  free = 505.75M  (encrypted)|{ 6.64 5.90 7.11 }
2026-07-11T15:47:20+05:00,34044,122.5,8.0,1334112,32:55,astravector-postgres-1|85.27%|1.745GiB / 7.654GiB;astravector-qdrant-1|5.85%|1.1GiB / 7.654GiB;|total = 4096.00M  used = 3590.25M  free = 505.75M  (encrypted)|{ 6.27 5.83 7.08 }
2026-07-11T15:47:28+05:00,34044,119.3,7.9,1332528,33:03,astravector-postgres-1|84.62%|1.736GiB / 7.654GiB;astravector-qdrant-1|7.46%|1.101GiB / 7.654GiB;|total = 4096.00M  used = 3590.25M  free = 505.75M  (encrypted)|{ 5.76 5.74 7.03 }
2026-07-11T15:47:36+05:00,34044,100.1,8.0,1337968,33:10,astravector-postgres-1|93.16%|1.736GiB / 7.654GiB;astravector-qdrant-1|7.49%|1.101GiB / 7.654GiB;|total = 4096.00M  used = 3590.25M  free = 505.75M  (encrypted)|{ 5.62 5.71 7.01 }
2026-07-11T15:47:43+05:00,34044,103.5,7.9,1329536,33:18,astravector-postgres-1|83.33%|1.745GiB / 7.654GiB;astravector-qdrant-1|6.40%|1.101GiB / 7.654GiB;|total = 4096.00M  used = 3590.25M  free = 505.75M  (encrypted)|{ 5.77 5.74 7.01 }
2026-07-11T15:47:50+05:00,34044,144.1,7.9,1330640,33:25,astravector-postgres-1|100.01%|1.74GiB / 7.654GiB;astravector-qdrant-1|6.42%|1.101GiB / 7.654GiB;|total = 4096.00M  used = 3590.25M  free = 505.75M  (encrypted)|{ 5.55 5.69 6.98 }
2026-07-11T15:47:57+05:00,34044,145.2,7.9,1321760,33:33,astravector-postgres-1|103.88%|1.736GiB / 7.654GiB;astravector-qdrant-1|7.87%|1.101GiB / 7.654GiB;|total = 4096.00M  used = 3590.25M  free = 505.75M  (encrypted)|{ 5.33 5.64 6.95 }
2026-07-11T15:48:04+05:00,34044,245.9,8.0,1339968,33:39,astravector-postgres-1|186.79%|1.739GiB / 7.654GiB;astravector-qdrant-1|14.72%|1.104GiB / 7.654GiB;|total = 4096.00M  used = 3590.25M  free = 505.75M  (encrypted)|{ 5.94 5.76 6.98 }
2026-07-11T15:48:11+05:00,34044,191.6,8.0,1348000,33:46,astravector-postgres-1|168.81%|1.739GiB / 7.654GiB;astravector-qdrant-1|9.07%|1.104GiB / 7.654GiB;|total = 4096.00M  used = 3590.25M  free = 505.75M  (encrypted)|{ 6.18 5.81 7.00 }
2026-07-11T15:48:17+05:00,34044,230.3,8.0,1337776,33:53,astravector-postgres-1|212.93%|1.736GiB / 7.654GiB;astravector-qdrant-1|13.38%|1.105GiB / 7.654GiB;|total = 4096.00M  used = 3590.25M  free = 505.75M  (encrypted)|{ 6.43 5.88 7.01 }
2026-07-11T15:48:25+05:00,34044,126.5,8.0,1338832,33:59,astravector-postgres-1|100.95%|1.736GiB / 7.654GiB;astravector-qdrant-1|7.03%|1.104GiB / 7.654GiB;|total = 4096.00M  used = 3590.25M  free = 505.75M  (encrypted)|{ 6.40 5.88 7.00 }
2026-07-11T15:48:32+05:00,34044,125.1,8.0,1345696,34:07,astravector-postgres-1|105.80%|1.736GiB / 7.654GiB;astravector-qdrant-1|7.53%|1.105GiB / 7.654GiB;|total = 4096.00M  used = 3590.25M  free = 505.75M  (encrypted)|{ 6.52 5.92 7.01 }
2026-07-11T15:48:39+05:00,34044,231.8,8.0,1337968,34:14,astravector-postgres-1|174.42%|1.738GiB / 7.654GiB;astravector-qdrant-1|11.28%|1.105GiB / 7.654GiB;|total = 4096.00M  used = 3590.25M  free = 505.75M  (encrypted)|{ 6.48 5.92 6.99 }
2026-07-11T15:48:46+05:00,34044,0.0,8.1,1350752,34:21,astravector-postgres-1|0.88%|1.735GiB / 7.654GiB;astravector-qdrant-1|0.54%|1.105GiB / 7.654GiB;|total = 4096.00M  used = 3590.25M  free = 505.75M  (encrypted)|{ 6.04 5.84 6.96 }
2026-07-11T15:48:54+05:00,34044,0.0,8.0,1349744,34:28,astravector-postgres-1|0.72%|1.736GiB / 7.654GiB;astravector-qdrant-1|0.42%|1.098GiB / 7.654GiB;|total = 4096.00M  used = 3590.25M  free = 505.75M  (encrypted)|{ 5.50 5.73 6.91 }
2026-07-11T15:49:01+05:00,34044,0.0,8.1,1351728,34:36,astravector-postgres-1|0.58%|1.736GiB / 7.654GiB;astravector-qdrant-1|0.16%|1.09GiB / 7.654GiB;|total = 4096.00M  used = 3590.25M  free = 505.75M  (encrypted)|{ 5.30 5.68 6.88 }
2026-07-11T15:49:08+05:00,34044,0.3,8.1,1351728,34:43,astravector-postgres-1|0.65%|1.735GiB / 7.654GiB;astravector-qdrant-1|0.10%|1.089GiB / 7.654GiB;|total = 4096.00M  used = 3590.25M  free = 505.75M  (encrypted)|{ 4.87 5.58 6.83 }
2026-07-11T15:49:16+05:00,34044,0.1,7.3,1230144,34:50,astravector-postgres-1|0.69%|1.736GiB / 7.654GiB;astravector-qdrant-1|0.19%|1.089GiB / 7.654GiB;|total = 4096.00M  used = 3590.25M  free = 505.75M  (encrypted)|{ 4.48 5.49 6.79 }
2026-07-11T15:49:23+05:00,34044,0.1,7.0,1175216,34:58,astravector-postgres-1|0.74%|1.736GiB / 7.654GiB;astravector-qdrant-1|0.11%|1.089GiB / 7.654GiB;|total = 4096.00M  used = 3590.25M  free = 505.75M  (encrypted)|{ 4.18 5.39 6.74 }
2026-07-11T15:49:31+05:00,34044,0.0,4.5,747616,35:05,astravector-postgres-1|0.71%|1.738GiB / 7.654GiB;astravector-qdrant-1|0.12%|1.091GiB / 7.654GiB;|total = 4096.00M  used = 3590.25M  free = 505.75M  (encrypted)|{ 3.85 5.30 6.70 }
2026-07-11T15:49:38+05:00,34044,0.0,4.4,744672,35:13,astravector-postgres-1|4.08%|1.738GiB / 7.654GiB;astravector-qdrant-1|0.23%|1.091GiB / 7.654GiB;|total = 4096.00M  used = 3590.25M  free = 505.75M  (encrypted)|{ 3.33 5.14 6.63 }
2026-07-11T15:49:46+05:00,34044,172.2,7.9,1329456,35:20,astravector-postgres-1|116.24%|1.739GiB / 7.654GiB;astravector-qdrant-1|10.58%|1.105GiB / 7.654GiB;|total = 4096.00M  used = 3590.25M  free = 505.75M  (encrypted)|{ 3.62 5.17 6.63 }
2026-07-11T15:49:53+05:00,34044,164.6,8.0,1334768,35:28,astravector-postgres-1|116.03%|1.739GiB / 7.654GiB;astravector-qdrant-1|8.71%|1.104GiB / 7.654GiB;|total = 4096.00M  used = 3590.25M  free = 505.75M  (encrypted)|{ 4.13 5.23 6.63 }
2026-07-11T15:50:01+05:00,34044,188.5,7.9,1333440,35:35,astravector-postgres-1|155.29%|1.739GiB / 7.654GiB;astravector-qdrant-1|10.49%|1.104GiB / 7.654GiB;|total = 4096.00M  used = 3590.25M  free = 505.75M  (encrypted)|{ 4.36 5.26 6.64 }
2026-07-11T15:50:08+05:00,34044,262.9,8.1,1363136,35:43,astravector-postgres-1|392.21%|1.81GiB / 7.654GiB;astravector-qdrant-1|48.63%|1.107GiB / 7.654GiB;|total = 4096.00M  used = 3590.25M  free = 505.75M  (encrypted)|{ 6.17 5.61 6.74 }
2026-07-11T15:50:16+05:00,34044,115.7,8.2,1373584,35:50,astravector-postgres-1|236.14%|1.892GiB / 7.654GiB;astravector-qdrant-1|18.20%|1.108GiB / 7.654GiB;|total = 4096.00M  used = 3590.25M  free = 505.75M  (encrypted)|{ 7.19 5.83 6.82 }
2026-07-11T15:50:25+05:00,34044,134.8,8.2,1378560,35:58,astravector-postgres-1|423.10%|1.859GiB / 7.654GiB;astravector-qdrant-1|35.59%|1.108GiB / 7.654GiB;|total = 4096.00M  used = 3590.25M  free = 505.75M  (encrypted)|{ 17.38 8.05 7.59 }
2026-07-11T15:50:33+05:00,34044,140.6,7.9,1322144,36:07,astravector-postgres-1|544.31%|1.755GiB / 7.654GiB;astravector-qdrant-1|26.22%|1.105GiB / 7.654GiB;|total = 4096.00M  used = 3590.25M  free = 505.75M  (encrypted)|{ 28.56 10.75 8.55 }
2026-07-11T15:50:40+05:00,34044,14.5,7.9,1318880,36:15,astravector-postgres-1|754.04%|1.842GiB / 7.654GiB;astravector-qdrant-1|24.93%|1.104GiB / 7.654GiB;|total = 4096.00M  used = 3590.25M  free = 505.75M  (encrypted)|{ 34.44 12.26 9.10 }
2026-07-11T15:50:48+05:00,34044,43.4,8.0,1341680,36:22,astravector-postgres-1|337.97%|1.823GiB / 7.654GiB;astravector-qdrant-1|47.08%|1.107GiB / 7.654GiB;|total = 4096.00M  used = 3590.25M  free = 505.75M  (encrypted)|{ 32.20 12.50 9.22 }
2026-07-11T15:50:56+05:00,34044,144.1,8.1,1356032,36:30,astravector-postgres-1|257.56%|1.845GiB / 7.654GiB;astravector-qdrant-1|28.99%|1.114GiB / 7.654GiB;|total = 4096.00M  used = 3590.25M  free = 505.75M  (encrypted)|{ 30.74 12.53 9.25 }
2026-07-11T15:51:04+05:00,34044,107.8,8.2,1378208,36:38,astravector-postgres-1|258.66%|1.933GiB / 7.654GiB;astravector-qdrant-1|14.79%|1.109GiB / 7.654GiB;|total = 4096.00M  used = 3590.25M  free = 505.75M  (encrypted)|{ 28.91 12.74 9.36 }
2026-07-11T15:51:11+05:00,34044,211.6,8.3,1385296,36:46,astravector-postgres-1|511.36%|1.948GiB / 7.654GiB;astravector-qdrant-1|22.47%|1.118GiB / 7.654GiB;|total = 4096.00M  used = 3590.25M  free = 505.75M  (encrypted)|{ 28.36 12.89 9.44 }
2026-07-11T15:51:19+05:00,34044,248.4,8.2,1383744,36:53,astravector-postgres-1|409.60%|1.982GiB / 7.654GiB;astravector-qdrant-1|16.74%|1.11GiB / 7.654GiB;|total = 4096.00M  used = 3590.25M  free = 505.75M  (encrypted)|{ 30.08 13.77 9.79 }
2026-07-11T15:51:26+05:00,34044,160.0,8.2,1380624,37:01,astravector-postgres-1|226.32%|1.963GiB / 7.654GiB;astravector-qdrant-1|11.53%|1.112GiB / 7.654GiB;|total = 4096.00M  used = 3590.25M  free = 505.75M  (encrypted)|{ 30.08 14.04 9.90 }
2026-07-11T15:51:33+05:00,34044,188.6,8.2,1383728,37:08,astravector-postgres-1|187.28%|1.965GiB / 7.654GiB;astravector-qdrant-1|13.73%|1.114GiB / 7.654GiB;|total = 4096.00M  used = 3590.25M  free = 505.75M  (encrypted)|{ 31.13 14.79 10.22 }
2026-07-11T15:51:40+05:00,34044,182.1,8.2,1384096,37:15,astravector-postgres-1|317.76%|1.959GiB / 7.654GiB;astravector-qdrant-1|18.43%|1.118GiB / 7.654GiB;|total = 4096.00M  used = 3590.25M  free = 505.75M  (encrypted)|{ 32.32 15.31 10.43 }
2026-07-11T15:51:48+05:00,34044,250.8,8.3,1388448,37:22,astravector-postgres-1|436.53%|1.967GiB / 7.654GiB;astravector-qdrant-1|14.77%|1.118GiB / 7.654GiB;|total = 4096.00M  used = 3590.25M  free = 505.75M  (encrypted)|{ 31.90 15.78 10.65 }
2026-07-11T15:51:55+05:00,34044,215.6,8.3,1391312,37:30,astravector-postgres-1|342.47%|1.968GiB / 7.654GiB;astravector-qdrant-1|18.22%|1.108GiB / 7.654GiB;|total = 4096.00M  used = 3574.25M  free = 521.75M  (encrypted)|{ 31.10 15.88 10.72 }
2026-07-11T15:52:03+05:00,34044,318.4,8.3,1390704,37:38,astravector-postgres-1|228.64%|1.979GiB / 7.654GiB;astravector-qdrant-1|19.89%|1.114GiB / 7.654GiB;|total = 4096.00M  used = 3574.25M  free = 521.75M  (encrypted)|{ 29.22 15.98 10.82 }
2026-07-11T15:52:10+05:00,34044,234.5,8.3,1387904,37:45,astravector-postgres-1|402.77%|1.962GiB / 7.654GiB;astravector-qdrant-1|44.80%|1.109GiB / 7.654GiB;|total = 4096.00M  used = 3574.25M  free = 521.75M  (encrypted)|{ 28.80 16.11 10.89 }
2026-07-11T15:52:18+05:00,34044,193.9,8.3,1391728,37:52,astravector-postgres-1|268.61%|1.963GiB / 7.654GiB;astravector-qdrant-1|22.09%|1.118GiB / 7.654GiB;|total = 4096.00M  used = 3574.25M  free = 521.75M  (encrypted)|{ 26.91 16.13 10.96 }
2026-07-11T15:52:25+05:00,34044,123.6,8.3,1394464,38:00,astravector-postgres-1|251.39%|1.976GiB / 7.654GiB;astravector-qdrant-1|10.77%|1.115GiB / 7.654GiB;|total = 4096.00M  used = 3574.25M  free = 521.75M  (encrypted)|{ 26.52 16.22 11.02 }
2026-07-11T15:52:33+05:00,34044,277.9,8.3,1398016,38:07,astravector-postgres-1|588.82%|1.962GiB / 7.654GiB;astravector-qdrant-1|36.04%|1.111GiB / 7.654GiB;|total = 4096.00M  used = 3574.25M  free = 521.75M  (encrypted)|{ 24.87 16.21 11.08 }
2026-07-11T15:52:40+05:00,34044,271.3,8.3,1400736,38:15,astravector-postgres-1|421.63%|1.96GiB / 7.654GiB;astravector-qdrant-1|18.69%|1.107GiB / 7.654GiB;|total = 4096.00M  used = 3574.25M  free = 521.75M  (encrypted)|{ 25.44 16.48 11.20 }
2026-07-11T15:52:48+05:00,34044,62.8,8.4,1401392,38:22,astravector-postgres-1|47.12%|1.96GiB / 7.654GiB;astravector-qdrant-1|4.56%|1.102GiB / 7.654GiB;|total = 4096.00M  used = 3574.25M  free = 521.75M  (encrypted)|{ 23.00 16.25 11.18 }
2026-07-11T15:52:55+05:00,34044,69.3,8.3,1392512,38:30,astravector-postgres-1|46.34%|1.96GiB / 7.654GiB;astravector-qdrant-1|4.90%|1.098GiB / 7.654GiB;|total = 4096.00M  used = 3574.25M  free = 521.75M  (encrypted)|{ 21.63 16.08 11.15 }
2026-07-11T15:53:03+05:00,34044,85.7,8.3,1384656,38:37,astravector-postgres-1|49.43%|1.96GiB / 7.654GiB;astravector-qdrant-1|5.50%|1.096GiB / 7.654GiB;|total = 4096.00M  used = 3574.25M  free = 521.75M  (encrypted)|{ 18.84 15.66 11.06 }
2026-07-11T15:53:10+05:00,34044,59.9,8.2,1375600,38:45,astravector-postgres-1|49.40%|1.968GiB / 7.654GiB;astravector-qdrant-1|5.43%|1.099GiB / 7.654GiB;|total = 4096.00M  used = 3574.25M  free = 521.75M  (encrypted)|{ 17.65 15.47 11.02 }
2026-07-11T15:53:17+05:00,34044,67.6,8.2,1376912,38:52,astravector-postgres-1|47.84%|1.96GiB / 7.654GiB;astravector-qdrant-1|5.05%|1.098GiB / 7.654GiB;|total = 4096.00M  used = 3574.25M  free = 521.75M  (encrypted)|{ 16.39 15.24 10.97 }
2026-07-11T15:53:25+05:00,34044,86.5,8.2,1374576,38:59,astravector-postgres-1|47.91%|1.96GiB / 7.654GiB;astravector-qdrant-1|9.54%|1.095GiB / 7.654GiB;|total = 4096.00M  used = 3574.25M  free = 521.75M  (encrypted)|{ 14.11 14.79 10.86 }
2026-07-11T15:53:32+05:00,34044,91.4,7.9,1318352,39:07,astravector-postgres-1|48.43%|1.96GiB / 7.654GiB;astravector-qdrant-1|8.71%|1.094GiB / 7.654GiB;|total = 4096.00M  used = 3558.25M  free = 537.75M  (encrypted)|{ 13.70 14.69 10.84 }
2026-07-11T15:53:39+05:00,34044,96.7,7.9,1320096,39:14,astravector-postgres-1|49.03%|1.96GiB / 7.654GiB;astravector-qdrant-1|7.20%|1.093GiB / 7.654GiB;|total = 4096.00M  used = 3558.25M  free = 537.75M  (encrypted)|{ 12.66 14.44 10.80 }
2026-07-11T15:53:47+05:00,34044,68.8,7.9,1326976,39:21,astravector-postgres-1|47.01%|1.96GiB / 7.654GiB;astravector-qdrant-1|5.67%|1.093GiB / 7.654GiB;|total = 4096.00M  used = 3550.25M  free = 545.75M  (encrypted)|{ 11.81 14.23 10.75 }
2026-07-11T15:53:55+05:00,34044,93.3,7.9,1321664,39:29,astravector-postgres-1|64.67%|1.96GiB / 7.654GiB;astravector-qdrant-1|6.57%|1.093GiB / 7.654GiB;|total = 4096.00M  used = 3550.25M  free = 545.75M  (encrypted)|{ 10.37 13.85 10.65 }
2026-07-11T15:54:02+05:00,34044,71.3,7.9,1326880,39:37,astravector-postgres-1|60.45%|1.96GiB / 7.654GiB;astravector-qdrant-1|4.00%|1.093GiB / 7.654GiB;|total = 4096.00M  used = 3550.25M  free = 545.75M  (encrypted)|{ 9.86 13.68 10.61 }
2026-07-11T15:54:09+05:00,34044,69.1,7.9,1317136,39:44,astravector-postgres-1|76.01%|1.959GiB / 7.654GiB;astravector-qdrant-1|10.55%|1.093GiB / 7.654GiB;|total = 4096.00M  used = 3550.25M  free = 545.75M  (encrypted)|{ 9.17 13.41 10.55 }
2026-07-11T15:54:16+05:00,34044,72.0,7.9,1328576,39:51,astravector-postgres-1|69.73%|1.96GiB / 7.654GiB;astravector-qdrant-1|4.62%|1.093GiB / 7.654GiB;|total = 4096.00M  used = 3550.25M  free = 545.75M  (encrypted)|{ 9.31 13.37 10.55 }
2026-07-11T15:54:22+05:00,34044,140.3,7.9,1322480,39:58,astravector-postgres-1|80.75%|1.96GiB / 7.654GiB;astravector-qdrant-1|5.23%|1.093GiB / 7.654GiB;|total = 4096.00M  used = 3550.25M  free = 545.75M  (encrypted)|{ 8.26 13.01 10.46 }
2026-07-11T15:54:30+05:00,34044,123.7,7.9,1325280,40:05,astravector-postgres-1|76.29%|1.962GiB / 7.654GiB;astravector-qdrant-1|5.19%|1.093GiB / 7.654GiB;|total = 4096.00M  used = 3550.25M  free = 545.75M  (encrypted)|{ 7.84 12.85 10.41 }
2026-07-11T15:54:37+05:00,34044,69.8,7.9,1330816,40:12,astravector-postgres-1|44.95%|1.971GiB / 7.654GiB;astravector-qdrant-1|5.27%|1.093GiB / 7.654GiB;|total = 4096.00M  used = 3550.25M  free = 545.75M  (encrypted)|{ 7.37 12.67 10.37 }
2026-07-11T15:54:45+05:00,34044,75.6,7.9,1331664,40:19,astravector-postgres-1|48.59%|1.962GiB / 7.654GiB;astravector-qdrant-1|5.48%|1.093GiB / 7.654GiB;|total = 4096.00M  used = 3550.25M  free = 545.75M  (encrypted)|{ 6.96 12.40 10.30 }
2026-07-11T15:54:52+05:00,34044,66.5,7.9,1330704,40:27,astravector-postgres-1|46.65%|1.963GiB / 7.654GiB;astravector-qdrant-1|4.97%|1.093GiB / 7.654GiB;|total = 4096.00M  used = 3550.25M  free = 545.75M  (encrypted)|{ 7.12 12.34 10.29 }
2026-07-11T15:54:59+05:00,34044,47.0,7.9,1331152,40:34,astravector-postgres-1|46.48%|1.962GiB / 7.654GiB;astravector-qdrant-1|4.96%|1.094GiB / 7.654GiB;|total = 4096.00M  used = 3550.25M  free = 545.75M  (encrypted)|{ 6.96 12.13 10.24 }
2026-07-11T15:55:07+05:00,34044,79.9,7.9,1330560,40:41,astravector-postgres-1|45.89%|1.963GiB / 7.654GiB;astravector-qdrant-1|3.95%|1.093GiB / 7.654GiB;|total = 4096.00M  used = 3550.25M  free = 545.75M  (encrypted)|{ 6.56 11.97 10.19 }
2026-07-11T15:55:14+05:00,34044,78.3,7.9,1329456,40:49,astravector-postgres-1|45.66%|1.964GiB / 7.654GiB;astravector-qdrant-1|5.33%|1.093GiB / 7.654GiB;|total = 4096.00M  used = 3550.25M  free = 545.75M  (encrypted)|{ 5.94 11.65 10.10 }
2026-07-11T15:55:22+05:00,34044,50.0,7.9,1327072,40:56,astravector-postgres-1|46.80%|1.964GiB / 7.654GiB;astravector-qdrant-1|4.74%|1.094GiB / 7.654GiB;|total = 4096.00M  used = 3550.25M  free = 545.75M  (encrypted)|{ 5.95 11.56 10.07 }
2026-07-11T15:55:29+05:00,34044,56.4,7.9,1328368,41:04,astravector-postgres-1|44.18%|1.964GiB / 7.654GiB;astravector-qdrant-1|6.91%|1.095GiB / 7.654GiB;|total = 4096.00M  used = 3550.25M  free = 545.75M  (encrypted)|{ 5.63 11.31 10.00 }
2026-07-11T15:55:37+05:00,34044,69.9,7.9,1328544,41:11,astravector-postgres-1|44.56%|1.965GiB / 7.654GiB;astravector-qdrant-1|4.25%|1.093GiB / 7.654GiB;|total = 4096.00M  used = 3550.25M  free = 545.75M  (encrypted)|{ 5.34 11.15 9.96 }
2026-07-11T15:55:44+05:00,34044,91.2,7.9,1328576,41:19,astravector-postgres-1|46.93%|1.965GiB / 7.654GiB;astravector-qdrant-1|5.98%|1.092GiB / 7.654GiB;|total = 4096.00M  used = 3550.25M  free = 545.75M  (encrypted)|{ 4.90 10.87 9.87 }
2026-07-11T15:55:52+05:00,34044,48.7,7.9,1328608,41:26,astravector-postgres-1|45.04%|1.965GiB / 7.654GiB;astravector-qdrant-1|4.60%|1.094GiB / 7.654GiB;|total = 4096.00M  used = 3550.25M  free = 545.75M  (encrypted)|{ 4.59 10.70 9.82 }
2026-07-11T15:55:59+05:00,34044,69.5,7.9,1328752,41:34,astravector-postgres-1|47.98%|1.965GiB / 7.654GiB;astravector-qdrant-1|5.36%|1.096GiB / 7.654GiB;|total = 4096.00M  used = 3550.25M  free = 545.75M  (encrypted)|{ 4.04 10.39 9.71 }
2026-07-11T15:56:07+05:00,34044,70.6,7.9,1327440,41:41,astravector-postgres-1|43.80%|1.965GiB / 7.654GiB;astravector-qdrant-1|4.42%|1.096GiB / 7.654GiB;|total = 4096.00M  used = 3550.25M  free = 545.75M  (encrypted)|{ 3.80 10.23 9.66 }
2026-07-11T15:56:14+05:00,34044,92.9,7.9,1327872,41:49,astravector-postgres-1|46.56%|1.964GiB / 7.654GiB;astravector-qdrant-1|5.84%|1.095GiB / 7.654GiB;|total = 4096.00M  used = 3550.25M  free = 545.75M  (encrypted)|{ 3.38 9.92 9.56 }
2026-07-11T15:56:22+05:00,34044,63.1,7.9,1327536,41:56,astravector-postgres-1|47.63%|1.963GiB / 7.654GiB;astravector-qdrant-1|5.43%|1.094GiB / 7.654GiB;|total = 4096.00M  used = 3542.25M  free = 553.75M  (encrypted)|{ 3.26 9.79 9.52 }
2026-07-11T15:56:29+05:00,34044,47.0,7.9,1328192,42:04,astravector-postgres-1|48.26%|1.965GiB / 7.654GiB;astravector-qdrant-1|5.83%|1.093GiB / 7.654GiB;|total = 4096.00M  used = 3542.25M  free = 553.75M  (encrypted)|{ 3.24 9.57 9.44 }
2026-07-11T15:56:36+05:00,34044,127.9,7.8,1313184,42:11,astravector-postgres-1|52.06%|1.964GiB / 7.654GiB;astravector-qdrant-1|4.95%|1.095GiB / 7.654GiB;|total = 4096.00M  used = 3542.25M  free = 553.75M  (encrypted)|{ 3.30 9.48 9.41 }
2026-07-11T15:56:43+05:00,34044,87.6,7.9,1321392,42:18,astravector-postgres-1|48.11%|1.966GiB / 7.654GiB;astravector-qdrant-1|4.95%|1.095GiB / 7.654GiB;|total = 4096.00M  used = 3542.25M  free = 553.75M  (encrypted)|{ 3.24 9.26 9.33 }
2026-07-11T15:56:51+05:00,34044,46.7,7.9,1326224,42:25,astravector-postgres-1|136.42%|1.965GiB / 7.654GiB;astravector-qdrant-1|17.26%|1.093GiB / 7.654GiB;|total = 4096.00M  used = 3542.25M  free = 553.75M  (encrypted)|{ 3.38 9.19 9.31 }
2026-07-11T15:56:58+05:00,34044,65.9,7.9,1320464,42:33,astravector-postgres-1|50.10%|1.966GiB / 7.654GiB;astravector-qdrant-1|5.02%|1.097GiB / 7.654GiB;|total = 4096.00M  used = 3542.25M  free = 553.75M  (encrypted)|{ 3.47 9.02 9.24 }
2026-07-11T15:57:06+05:00,34044,72.7,7.9,1329248,42:40,astravector-postgres-1|47.11%|1.967GiB / 7.654GiB;astravector-qdrant-1|6.07%|1.096GiB / 7.654GiB;|total = 4096.00M  used = 3542.25M  free = 553.75M  (encrypted)|{ 3.35 8.90 9.20 }
2026-07-11T15:57:13+05:00,34044,60.1,7.9,1325840,42:48,astravector-postgres-1|52.26%|1.966GiB / 7.654GiB;astravector-qdrant-1|4.59%|1.095GiB / 7.654GiB;|total = 4096.00M  used = 3542.25M  free = 553.75M  (encrypted)|{ 3.24 8.79 9.16 }
2026-07-11T15:57:20+05:00,34044,65.4,7.9,1328000,42:55,astravector-postgres-1|45.69%|1.967GiB / 7.654GiB;astravector-qdrant-1|4.52%|1.095GiB / 7.654GiB;|total = 4096.00M  used = 3542.25M  free = 553.75M  (encrypted)|{ 3.30 8.61 9.09 }
2026-07-11T15:57:27+05:00,34044,43.9,7.9,1326736,43:02,astravector-postgres-1|48.01%|1.968GiB / 7.654GiB;astravector-qdrant-1|4.80%|1.095GiB / 7.654GiB;|total = 4096.00M  used = 3526.25M  free = 569.75M  (encrypted)|{ 3.43 8.55 9.07 }
2026-07-11T15:57:35+05:00,34044,77.5,7.9,1327632,43:09,astravector-postgres-1|45.00%|1.968GiB / 7.654GiB;astravector-qdrant-1|5.10%|1.096GiB / 7.654GiB;|total = 4096.00M  used = 3526.25M  free = 569.75M  (encrypted)|{ 3.21 8.34 8.98 }
2026-07-11T15:57:42+05:00,34044,147.7,7.7,1291904,43:17,astravector-postgres-1|65.31%|1.968GiB / 7.654GiB;astravector-qdrant-1|9.38%|1.096GiB / 7.654GiB;|total = 4096.00M  used = 3526.25M  free = 569.75M  (encrypted)|{ 3.52 8.32 8.97 }
2026-07-11T15:57:49+05:00,34044,76.9,7.9,1323904,43:24,astravector-postgres-1|45.92%|1.968GiB / 7.654GiB;astravector-qdrant-1|4.32%|1.095GiB / 7.654GiB;|total = 4096.00M  used = 3526.25M  free = 569.75M  (encrypted)|{ 4.09 8.27 8.95 }
2026-07-11T15:57:56+05:00,34044,84.9,7.8,1310000,43:32,astravector-postgres-1|48.37%|1.969GiB / 7.654GiB;astravector-qdrant-1|5.21%|1.093GiB / 7.654GiB;|total = 4096.00M  used = 3526.25M  free = 569.75M  (encrypted)|{ 4.48 8.29 8.95 }
2026-07-11T15:58:04+05:00,34044,57.1,7.9,1327696,43:38,astravector-postgres-1|46.83%|1.968GiB / 7.654GiB;astravector-qdrant-1|6.99%|1.095GiB / 7.654GiB;|total = 4096.00M  used = 3526.25M  free = 569.75M  (encrypted)|{ 4.10 8.08 8.87 }
2026-07-11T15:58:11+05:00,34044,59.6,7.9,1327952,43:46,astravector-postgres-1|43.57%|1.922GiB / 7.654GiB;astravector-qdrant-1|5.54%|1.095GiB / 7.654GiB;|total = 4096.00M  used = 3526.25M  free = 569.75M  (encrypted)|{ 3.85 7.96 8.82 }
2026-07-11T15:58:18+05:00,34044,64.9,7.9,1329296,43:53,astravector-postgres-1|46.11%|1.922GiB / 7.654GiB;astravector-qdrant-1|4.70%|1.097GiB / 7.654GiB;|total = 4096.00M  used = 3526.25M  free = 569.75M  (encrypted)|{ 3.73 7.80 8.75 }
2026-07-11T15:58:26+05:00,34044,62.2,7.9,1329536,44:00,astravector-postgres-1|44.39%|1.922GiB / 7.654GiB;astravector-qdrant-1|5.57%|1.095GiB / 7.654GiB;|total = 4096.00M  used = 3526.25M  free = 569.75M  (encrypted)|{ 3.59 7.70 8.71 }
2026-07-11T15:58:33+05:00,34044,91.1,7.9,1330304,44:08,astravector-postgres-1|45.20%|1.828GiB / 7.654GiB;astravector-qdrant-1|5.89%|1.096GiB / 7.654GiB;|total = 4096.00M  used = 3526.25M  free = 569.75M  (encrypted)|{ 3.20 7.48 8.62 }
2026-07-11T15:58:41+05:00,34044,53.6,7.9,1332352,44:15,astravector-postgres-1|47.54%|1.829GiB / 7.654GiB;astravector-qdrant-1|6.44%|1.095GiB / 7.654GiB;|total = 4096.00M  used = 3526.25M  free = 569.75M  (encrypted)|{ 2.94 7.36 8.57 }
2026-07-11T15:58:48+05:00,34044,99.6,7.9,1332816,44:23,astravector-postgres-1|53.11%|1.828GiB / 7.654GiB;astravector-qdrant-1|5.10%|1.095GiB / 7.654GiB;|total = 4096.00M  used = 3526.25M  free = 569.75M  (encrypted)|{ 2.64 7.15 8.48 }
2026-07-11T15:58:56+05:00,34044,65.3,7.9,1333088,44:30,astravector-postgres-1|45.23%|1.828GiB / 7.654GiB;astravector-qdrant-1|5.10%|1.096GiB / 7.654GiB;|total = 4096.00M  used = 3526.25M  free = 569.75M  (encrypted)|{ 2.75 7.09 8.46 }
2026-07-11T15:59:03+05:00,34044,99.5,8.0,1333888,44:38,astravector-postgres-1|47.40%|1.829GiB / 7.654GiB;astravector-qdrant-1|4.88%|1.095GiB / 7.654GiB;|total = 4096.00M  used = 3526.25M  free = 569.75M  (encrypted)|{ 2.94 6.99 8.40 }
2026-07-11T15:59:11+05:00,34044,51.6,8.0,1333984,44:45,astravector-postgres-1|43.74%|1.829GiB / 7.654GiB;astravector-qdrant-1|4.36%|1.096GiB / 7.654GiB;|total = 4096.00M  used = 3526.25M  free = 569.75M  (encrypted)|{ 3.03 6.94 8.38 }
2026-07-11T15:59:17+05:00,34044,94.0,8.0,1334528,44:53,astravector-postgres-1|44.42%|1.829GiB / 7.654GiB;astravector-qdrant-1|6.34%|1.097GiB / 7.654GiB;|total = 4096.00M  used = 3526.25M  free = 569.75M  (encrypted)|{ 2.95 6.86 8.34 }
2026-07-11T15:59:25+05:00,34044,74.8,8.0,1334672,44:59,astravector-postgres-1|45.46%|1.829GiB / 7.654GiB;astravector-qdrant-1|4.41%|1.097GiB / 7.654GiB;|total = 4096.00M  used = 3526.25M  free = 569.75M  (encrypted)|{ 2.79 6.70 8.27 }
2026-07-11T15:59:32+05:00,34044,98.1,7.9,1332400,45:07,astravector-postgres-1|48.34%|1.832GiB / 7.654GiB;astravector-qdrant-1|6.32%|1.096GiB / 7.654GiB;|total = 4096.00M  used = 3526.25M  free = 569.75M  (encrypted)|{ 3.69 6.82 8.30 }
2026-07-11T15:59:39+05:00,34044,47.7,7.9,1333296,45:14,astravector-postgres-1|46.78%|1.83GiB / 7.654GiB;astravector-qdrant-1|4.51%|1.095GiB / 7.654GiB;|total = 4096.00M  used = 3526.25M  free = 569.75M  (encrypted)|{ 3.90 6.76 8.26 }
2026-07-11T15:59:47+05:00,34044,73.0,8.0,1334368,45:21,astravector-postgres-1|45.73%|1.831GiB / 7.654GiB;astravector-qdrant-1|4.72%|1.094GiB / 7.654GiB;|total = 4096.00M  used = 3526.25M  free = 569.75M  (encrypted)|{ 3.67 6.66 8.22 }
2026-07-11T15:59:54+05:00,34044,98.9,7.9,1333744,45:29,astravector-postgres-1|43.75%|1.831GiB / 7.654GiB;astravector-qdrant-1|4.26%|1.095GiB / 7.654GiB;|total = 4096.00M  used = 3526.25M  free = 569.75M  (encrypted)|{ 3.48 6.52 8.15 }
2026-07-11T16:00:02+05:00,34044,80.9,8.0,1334176,45:36,astravector-postgres-1|45.75%|1.832GiB / 7.654GiB;astravector-qdrant-1|6.12%|1.096GiB / 7.654GiB;|total = 4096.00M  used = 3526.25M  free = 569.75M  (encrypted)|{ 3.44 6.47 8.12 }
2026-07-11T16:00:09+05:00,34044,48.7,7.9,1332224,45:44,astravector-postgres-1|47.52%|1.831GiB / 7.654GiB;astravector-qdrant-1|5.38%|1.095GiB / 7.654GiB;|total = 4096.00M  used = 3526.25M  free = 569.75M  (encrypted)|{ 3.14 6.30 8.04 }
2026-07-11T16:00:17+05:00,34044,55.7,7.9,1332160,45:51,astravector-postgres-1|46.27%|1.831GiB / 7.654GiB;astravector-qdrant-1|4.90%|1.095GiB / 7.654GiB;|total = 4096.00M  used = 3526.25M  free = 569.75M  (encrypted)|{ 3.05 6.23 8.01 }
2026-07-11T16:00:24+05:00,34044,79.5,7.9,1331728,45:59,astravector-postgres-1|47.54%|1.831GiB / 7.654GiB;astravector-qdrant-1|5.44%|1.095GiB / 7.654GiB;|total = 4096.00M  used = 3526.25M  free = 569.75M  (encrypted)|{ 2.90 6.09 7.94 }
2026-07-11T16:00:32+05:00,34044,68.1,7.9,1331280,46:06,astravector-postgres-1|46.92%|1.831GiB / 7.654GiB;astravector-qdrant-1|5.71%|1.094GiB / 7.654GiB;|total = 4096.00M  used = 3526.25M  free = 569.75M  (encrypted)|{ 2.98 6.06 7.91 }
2026-07-11T16:00:38+05:00,34044,59.0,7.9,1331424,46:14,astravector-postgres-1|45.79%|1.831GiB / 7.654GiB;astravector-qdrant-1|5.63%|1.096GiB / 7.654GiB;|total = 4096.00M  used = 3526.25M  free = 569.75M  (encrypted)|{ 3.14 6.04 7.90 }
2026-07-11T16:00:46+05:00,34044,61.7,7.9,1331296,46:20,astravector-postgres-1|45.06%|1.831GiB / 7.654GiB;astravector-qdrant-1|6.19%|1.096GiB / 7.654GiB;|total = 4096.00M  used = 3526.25M  free = 569.75M  (encrypted)|{ 3.12 5.94 7.84 }
2026-07-11T16:00:53+05:00,34044,88.9,7.9,1328544,46:28,astravector-postgres-1|45.77%|1.831GiB / 7.654GiB;astravector-qdrant-1|5.84%|1.095GiB / 7.654GiB;|total = 4096.00M  used = 3526.25M  free = 569.75M  (encrypted)|{ 3.99 6.07 7.87 }
2026-07-11T16:01:01+05:00,34044,48.8,7.9,1329840,46:35,astravector-postgres-1|46.43%|1.831GiB / 7.654GiB;astravector-qdrant-1|5.07%|1.095GiB / 7.654GiB;|total = 4096.00M  used = 3526.25M  free = 569.75M  (encrypted)|{ 4.00 6.00 7.83 }
2026-07-11T16:01:08+05:00,34044,99.2,7.9,1330016,46:43,astravector-postgres-1|44.16%|1.831GiB / 7.654GiB;astravector-qdrant-1|4.76%|1.095GiB / 7.654GiB;|total = 4096.00M  used = 3526.25M  free = 569.75M  (encrypted)|{ 4.08 5.99 7.81 }
2026-07-11T16:01:16+05:00,34044,66.4,7.9,1330240,46:50,astravector-postgres-1|44.81%|1.831GiB / 7.654GiB;astravector-qdrant-1|5.13%|1.095GiB / 7.654GiB;|total = 4096.00M  used = 3518.25M  free = 577.75M  (encrypted)|{ 3.92 5.89 7.75 }
2026-07-11T16:01:23+05:00,34044,98.5,7.9,1329904,46:58,astravector-postgres-1|45.16%|1.831GiB / 7.654GiB;astravector-qdrant-1|5.78%|1.096GiB / 7.654GiB;|total = 4096.00M  used = 3518.25M  free = 577.75M  (encrypted)|{ 3.68 5.81 7.71 }
2026-07-11T16:01:31+05:00,34044,56.7,7.9,1330000,47:05,astravector-postgres-1|44.17%|1.831GiB / 7.654GiB;astravector-qdrant-1|5.40%|1.096GiB / 7.654GiB;|total = 4096.00M  used = 3518.25M  free = 577.75M  (encrypted)|{ 3.35 5.66 7.64 }
2026-07-11T16:01:38+05:00,34044,69.4,7.9,1330192,47:13,astravector-postgres-1|46.66%|1.832GiB / 7.654GiB;astravector-qdrant-1|5.11%|1.097GiB / 7.654GiB;|total = 4096.00M  used = 3518.25M  free = 577.75M  (encrypted)|{ 3.32 5.62 7.61 }
2026-07-11T16:01:46+05:00,34044,69.2,7.9,1330208,47:20,astravector-postgres-1|45.16%|1.831GiB / 7.654GiB;astravector-qdrant-1|4.88%|1.096GiB / 7.654GiB;|total = 4096.00M  used = 3518.25M  free = 577.75M  (encrypted)|{ 2.97 5.47 7.54 }
2026-07-11T16:01:53+05:00,34044,95.0,7.9,1330256,47:28,astravector-postgres-1|44.61%|1.831GiB / 7.654GiB;astravector-qdrant-1|5.86%|1.095GiB / 7.654GiB;|total = 4096.00M  used = 3518.25M  free = 577.75M  (encrypted)|{ 2.73 5.38 7.49 }
2026-07-11T16:02:01+05:00,34044,91.6,7.9,1330048,47:35,astravector-postgres-1|44.85%|1.831GiB / 7.654GiB;astravector-qdrant-1|5.59%|1.094GiB / 7.654GiB;|total = 4096.00M  used = 3518.25M  free = 577.75M  (encrypted)|{ 2.55 5.25 7.42 }
2026-07-11T16:02:08+05:00,34044,46.2,7.9,1330752,47:43,astravector-postgres-1|44.63%|1.831GiB / 7.654GiB;astravector-qdrant-1|7.26%|1.095GiB / 7.654GiB;|total = 4096.00M  used = 3518.25M  free = 577.75M  (encrypted)|{ 2.35 5.16 7.38 }
2026-07-11T16:02:16+05:00,34044,72.2,7.9,1330752,47:50,astravector-postgres-1|47.83%|1.786GiB / 7.654GiB;astravector-qdrant-1|4.81%|1.095GiB / 7.654GiB;|total = 4096.00M  used = 3518.25M  free = 577.75M  (encrypted)|{ 2.75 5.16 7.35 }
2026-07-11T16:02:22+05:00,34044,82.8,7.9,1330800,47:58,astravector-postgres-1|46.50%|1.786GiB / 7.654GiB;astravector-qdrant-1|6.38%|1.095GiB / 7.654GiB;|total = 4096.00M  used = 3518.25M  free = 577.75M  (encrypted)|{ 2.93 5.15 7.33 }
2026-07-11T16:02:30+05:00,34044,62.7,7.9,1332624,48:04,astravector-postgres-1|45.39%|1.734GiB / 7.654GiB;astravector-qdrant-1|5.54%|1.095GiB / 7.654GiB;|total = 4096.00M  used = 3518.25M  free = 577.75M  (encrypted)|{ 2.64 5.02 7.26 }
2026-07-11T16:02:37+05:00,34044,89.7,7.9,1332848,48:12,astravector-postgres-1|48.19%|1.743GiB / 7.654GiB;astravector-qdrant-1|4.78%|1.096GiB / 7.654GiB;|total = 4096.00M  used = 3518.25M  free = 577.75M  (encrypted)|{ 2.58 4.97 7.23 }
2026-07-11T16:02:45+05:00,34044,58.3,7.9,1333184,48:19,astravector-postgres-1|45.14%|1.735GiB / 7.654GiB;astravector-qdrant-1|5.01%|1.095GiB / 7.654GiB;|total = 4096.00M  used = 3518.25M  free = 577.75M  (encrypted)|{ 2.90 4.95 7.20 }
2026-07-11T16:02:52+05:00,34044,80.2,8.0,1336048,48:27,astravector-postgres-1|44.60%|1.684GiB / 7.654GiB;astravector-qdrant-1|5.65%|1.095GiB / 7.654GiB;|total = 4096.00M  used = 3518.25M  free = 577.75M  (encrypted)|{ 3.46 5.03 7.21 }
2026-07-11T16:02:59+05:00,34044,91.1,7.9,1329200,48:34,astravector-postgres-1|46.44%|1.683GiB / 7.654GiB;astravector-qdrant-1|5.95%|1.095GiB / 7.654GiB;|total = 4096.00M  used = 3518.25M  free = 577.75M  (encrypted)|{ 4.27 5.16 7.23 }
2026-07-11T16:03:06+05:00,34044,68.3,7.9,1331008,48:41,astravector-postgres-1|46.50%|1.684GiB / 7.654GiB;astravector-qdrant-1|4.38%|1.094GiB / 7.654GiB;|total = 4096.00M  used = 3518.25M  free = 577.75M  (encrypted)|{ 4.17 5.13 7.21 }
2026-07-11T16:03:12+05:00,34044,71.4,7.9,1330400,48:48,astravector-postgres-1|45.13%|1.684GiB / 7.654GiB;astravector-qdrant-1|5.34%|1.095GiB / 7.654GiB;|total = 4096.00M  used = 3518.25M  free = 577.75M  (encrypted)|{ 4.23 5.12 7.19 }
2026-07-11T16:03:20+05:00,34044,98.0,7.9,1329232,48:55,astravector-postgres-1|46.04%|1.683GiB / 7.654GiB;astravector-qdrant-1|5.27%|1.094GiB / 7.654GiB;|total = 4096.00M  used = 3518.25M  free = 577.75M  (encrypted)|{ 4.20 5.09 7.16 }
2026-07-11T16:03:27+05:00,34044,101.6,7.9,1327200,49:02,astravector-postgres-1|53.31%|1.686GiB / 7.654GiB;astravector-qdrant-1|5.27%|1.096GiB / 7.654GiB;|total = 4096.00M  used = 3518.25M  free = 577.75M  (encrypted)|{ 3.94 5.02 7.12 }
2026-07-11T16:03:35+05:00,34044,50.3,7.9,1327776,49:09,astravector-postgres-1|45.40%|1.683GiB / 7.654GiB;astravector-qdrant-1|6.45%|1.092GiB / 7.654GiB;|total = 4096.00M  used = 3518.25M  free = 577.75M  (encrypted)|{ 3.48 4.88 7.05 }
2026-07-11T16:03:42+05:00,34044,74.8,7.9,1327840,49:17,astravector-postgres-1|45.27%|1.683GiB / 7.654GiB;astravector-qdrant-1|5.99%|1.093GiB / 7.654GiB;|total = 4096.00M  used = 3518.25M  free = 577.75M  (encrypted)|{ 3.28 4.82 7.01 }
2026-07-11T16:03:49+05:00,34044,98.1,7.9,1328160,49:24,astravector-postgres-1|45.82%|1.683GiB / 7.654GiB;astravector-qdrant-1|5.64%|1.089GiB / 7.654GiB;|total = 4096.00M  used = 3518.25M  free = 577.75M  (encrypted)|{ 2.92 4.69 6.94 }
2026-07-11T16:03:57+05:00,34044,88.1,7.9,1329696,49:31,astravector-postgres-1|43.61%|1.637GiB / 7.654GiB;astravector-qdrant-1|4.59%|1.091GiB / 7.654GiB;|total = 4096.00M  used = 3518.25M  free = 577.75M  (encrypted)|{ 2.77 4.63 6.91 }
2026-07-11T16:04:05+05:00,34044,70.5,7.9,1330976,49:39,astravector-postgres-1|44.12%|1.637GiB / 7.654GiB;astravector-qdrant-1|4.88%|1.09GiB / 7.654GiB;|total = 4096.00M  used = 3518.25M  free = 577.75M  (encrypted)|{ 2.96 4.61 6.87 }
2026-07-11T16:04:12+05:00,34044,99.0,7.9,1330080,49:47,astravector-postgres-1|48.54%|1.637GiB / 7.654GiB;astravector-qdrant-1|5.01%|1.089GiB / 7.654GiB;|total = 4096.00M  used = 3518.25M  free = 577.75M  (encrypted)|{ 3.20 4.63 6.87 }
2026-07-11T16:04:19+05:00,34044,49.3,7.9,1330960,49:54,astravector-postgres-1|46.69%|1.638GiB / 7.654GiB;astravector-qdrant-1|5.64%|1.09GiB / 7.654GiB;|total = 4096.00M  used = 3518.25M  free = 577.75M  (encrypted)|{ 3.32 4.61 6.83 }
2026-07-11T16:04:27+05:00,34044,51.7,7.9,1329584,50:01,astravector-postgres-1|46.85%|1.637GiB / 7.654GiB;astravector-qdrant-1|5.10%|1.09GiB / 7.654GiB;|total = 4096.00M  used = 3518.25M  free = 577.75M  (encrypted)|{ 3.22 4.57 6.80 }
2026-07-11T16:04:34+05:00,34044,73.6,7.9,1330464,50:09,astravector-postgres-1|47.17%|1.638GiB / 7.654GiB;astravector-qdrant-1|4.43%|1.089GiB / 7.654GiB;|total = 4096.00M  used = 3518.25M  free = 577.75M  (encrypted)|{ 3.89 4.66 6.81 }
2026-07-11T16:04:42+05:00,34044,94.3,7.9,1331008,50:17,astravector-postgres-1|49.53%|1.639GiB / 7.654GiB;astravector-qdrant-1|4.98%|1.09GiB / 7.654GiB;|total = 4096.00M  used = 3518.25M  free = 577.75M  (encrypted)|{ 3.89 4.65 6.80 }
2026-07-11T16:04:49+05:00,34044,93.1,7.9,1331456,50:24,astravector-postgres-1|45.76%|1.639GiB / 7.654GiB;astravector-qdrant-1|5.80%|1.091GiB / 7.654GiB;|total = 4096.00M  used = 3518.25M  free = 577.75M  (encrypted)|{ 3.98 4.65 6.77 }
2026-07-11T16:04:57+05:00,34044,51.2,7.9,1331744,50:31,astravector-postgres-1|46.84%|1.638GiB / 7.654GiB;astravector-qdrant-1|5.87%|1.091GiB / 7.654GiB;|total = 4096.00M  used = 3518.25M  free = 577.75M  (encrypted)|{ 3.90 4.62 6.75 }
2026-07-11T16:05:05+05:00,34044,77.9,7.9,1326640,50:39,astravector-postgres-1|46.92%|1.639GiB / 7.654GiB;astravector-qdrant-1|4.96%|1.091GiB / 7.654GiB;|total = 4096.00M  used = 3518.25M  free = 577.75M  (encrypted)|{ 3.61 4.53 6.69 }
2026-07-11T16:05:12+05:00,34044,84.6,7.9,1327328,50:47,astravector-postgres-1|49.63%|1.638GiB / 7.654GiB;astravector-qdrant-1|4.82%|1.089GiB / 7.654GiB;|total = 4096.00M  used = 3518.25M  free = 577.75M  (encrypted)|{ 3.48 4.49 6.66 }
2026-07-11T16:05:19+05:00,34044,103.5,7.9,1328144,50:54,astravector-postgres-1|45.94%|1.638GiB / 7.654GiB;astravector-qdrant-1|5.57%|1.091GiB / 7.654GiB;|total = 4096.00M  used = 3518.25M  free = 577.75M  (encrypted)|{ 3.25 4.41 6.61 }
2026-07-11T16:05:27+05:00,34044,85.9,7.9,1328320,51:01,astravector-postgres-1|51.63%|1.639GiB / 7.654GiB;astravector-qdrant-1|5.56%|1.091GiB / 7.654GiB;|total = 4096.00M  used = 3518.25M  free = 577.75M  (encrypted)|{ 3.23 4.38 6.59 }
2026-07-11T16:05:35+05:00,34044,70.5,7.9,1327440,51:09,astravector-postgres-1|46.17%|1.639GiB / 7.654GiB;astravector-qdrant-1|5.53%|1.09GiB / 7.654GiB;|total = 4096.00M  used = 3518.25M  free = 577.75M  (encrypted)|{ 2.97 4.29 6.53 }
2026-07-11T16:05:42+05:00,34044,101.4,7.9,1327296,51:17,astravector-postgres-1|46.54%|1.639GiB / 7.654GiB;astravector-qdrant-1|5.90%|1.089GiB / 7.654GiB;|total = 4096.00M  used = 3518.25M  free = 577.75M  (encrypted)|{ 2.89 4.25 6.50 }
2026-07-11T16:05:49+05:00,34044,91.1,7.9,1328032,51:24,astravector-postgres-1|47.06%|1.638GiB / 7.654GiB;astravector-qdrant-1|4.65%|1.09GiB / 7.654GiB;|total = 4096.00M  used = 3518.25M  free = 577.75M  (encrypted)|{ 2.83 4.19 6.45 }
2026-07-11T16:05:57+05:00,34044,100.1,7.9,1327120,51:31,astravector-postgres-1|47.60%|1.639GiB / 7.654GiB;astravector-qdrant-1|5.53%|1.091GiB / 7.654GiB;|total = 4096.00M  used = 3518.25M  free = 577.75M  (encrypted)|{ 2.68 4.14 6.42 }
2026-07-11T16:06:05+05:00,34044,67.1,7.9,1327712,51:39,astravector-postgres-1|44.93%|1.639GiB / 7.654GiB;astravector-qdrant-1|5.35%|1.089GiB / 7.654GiB;|total = 4096.00M  used = 3518.25M  free = 577.75M  (encrypted)|{ 2.50 4.05 6.36 }
2026-07-11T16:06:12+05:00,34044,70.7,7.9,1326400,51:47,astravector-postgres-1|46.45%|1.639GiB / 7.654GiB;astravector-qdrant-1|5.27%|1.089GiB / 7.654GiB;|total = 4096.00M  used = 3518.25M  free = 577.75M  (encrypted)|{ 2.54 4.03 6.34 }
2026-07-11T16:06:19+05:00,34044,98.5,7.9,1326928,51:54,astravector-postgres-1|47.86%|1.638GiB / 7.654GiB;astravector-qdrant-1|4.34%|1.091GiB / 7.654GiB;|total = 4096.00M  used = 3518.25M  free = 577.75M  (encrypted)|{ 2.39 3.95 6.28 }
2026-07-11T16:06:27+05:00,34044,92.6,7.9,1325696,52:02,astravector-postgres-1|48.45%|1.641GiB / 7.654GiB;astravector-qdrant-1|5.36%|1.091GiB / 7.654GiB;|total = 4096.00M  used = 3518.25M  free = 577.75M  (encrypted)|{ 2.27 3.90 6.25 }
2026-07-11T16:06:34+05:00,34044,63.9,7.9,1318768,52:09,astravector-postgres-1|50.90%|1.639GiB / 7.654GiB;astravector-qdrant-1|5.17%|1.092GiB / 7.654GiB;|total = 4096.00M  used = 3518.25M  free = 577.75M  (encrypted)|{ 2.41 3.90 6.24 }
2026-07-11T16:06:41+05:00,34044,70.0,7.9,1318496,52:16,astravector-postgres-1|48.30%|1.639GiB / 7.654GiB;astravector-qdrant-1|5.29%|1.092GiB / 7.654GiB;|total = 4096.00M  used = 3518.25M  free = 577.75M  (encrypted)|{ 2.04 3.77 6.17 }
2026-07-11T16:06:49+05:00,34044,77.8,7.9,1321056,52:23,astravector-postgres-1|52.28%|1.639GiB / 7.654GiB;astravector-qdrant-1|5.82%|1.092GiB / 7.654GiB;|total = 4096.00M  used = 3518.25M  free = 577.75M  (encrypted)|{ 1.96 3.73 6.14 }
2026-07-11T16:06:56+05:00,34044,49.8,7.9,1322832,52:31,astravector-postgres-1|46.98%|1.639GiB / 7.654GiB;astravector-qdrant-1|7.01%|1.097GiB / 7.654GiB;|total = 4096.00M  used = 3518.25M  free = 577.75M  (encrypted)|{ 2.05 3.69 6.09 }
2026-07-11T16:07:04+05:00,34044,59.9,7.9,1320688,52:38,astravector-postgres-1|49.19%|1.639GiB / 7.654GiB;astravector-qdrant-1|4.26%|1.098GiB / 7.654GiB;|total = 4096.00M  used = 3518.25M  free = 577.75M  (encrypted)|{ 2.05 3.66 6.07 }
2026-07-11T16:07:11+05:00,34044,85.1,7.8,1309280,52:46,astravector-postgres-1|47.73%|1.638GiB / 7.654GiB;astravector-qdrant-1|4.90%|1.098GiB / 7.654GiB;|total = 4096.00M  used = 3518.25M  free = 577.75M  (encrypted)|{ 2.67 3.74 6.07 }
2026-07-11T16:07:19+05:00,34044,80.7,7.9,1318288,52:53,astravector-postgres-1|46.50%|1.639GiB / 7.654GiB;astravector-qdrant-1|5.09%|1.098GiB / 7.654GiB;|total = 4096.00M  used = 3518.25M  free = 577.75M  (encrypted)|{ 2.93 3.77 6.07 }
2026-07-11T16:07:26+05:00,34044,97.0,7.8,1316320,53:01,astravector-postgres-1|51.79%|1.639GiB / 7.654GiB;astravector-qdrant-1|5.36%|1.098GiB / 7.654GiB;|total = 4096.00M  used = 3518.25M  free = 577.75M  (encrypted)|{ 4.15 4.01 6.12 }
2026-07-11T16:07:34+05:00,34044,48.0,7.9,1320480,53:08,astravector-postgres-1|57.47%|1.642GiB / 7.654GiB;astravector-qdrant-1|5.21%|1.098GiB / 7.654GiB;|total = 4096.00M  used = 3518.25M  free = 577.75M  (encrypted)|{ 4.45 4.08 6.14 }
2026-07-11T16:07:41+05:00,34044,57.6,7.9,1320928,53:16,astravector-postgres-1|51.62%|1.639GiB / 7.654GiB;astravector-qdrant-1|6.62%|1.098GiB / 7.654GiB;|total = 4096.00M  used = 3518.25M  free = 577.75M  (encrypted)|{ 4.45 4.09 6.12 }
2026-07-11T16:07:49+05:00,34044,70.7,7.9,1321248,53:23,astravector-postgres-1|50.76%|1.638GiB / 7.654GiB;astravector-qdrant-1|5.00%|1.099GiB / 7.654GiB;|total = 4096.00M  used = 3518.25M  free = 577.75M  (encrypted)|{ 4.74 4.15 6.13 }
2026-07-11T16:07:56+05:00,34044,90.4,7.9,1319520,53:31,astravector-postgres-1|45.10%|1.638GiB / 7.654GiB;astravector-qdrant-1|5.95%|1.101GiB / 7.654GiB;|total = 4096.00M  used = 3518.25M  free = 577.75M  (encrypted)|{ 4.86 4.20 6.12 }
2026-07-11T16:08:04+05:00,34044,60.5,7.9,1320608,53:38,astravector-postgres-1|48.21%|1.639GiB / 7.654GiB;astravector-qdrant-1|6.94%|1.102GiB / 7.654GiB;|total = 4096.00M  used = 3518.25M  free = 577.75M  (encrypted)|{ 5.11 4.26 6.13 }
2026-07-11T16:08:11+05:00,34044,70.8,7.9,1318000,53:46,astravector-postgres-1|46.30%|1.639GiB / 7.654GiB;astravector-qdrant-1|5.88%|1.1GiB / 7.654GiB;|total = 4096.00M  used = 3518.25M  free = 577.75M  (encrypted)|{ 5.64 4.40 6.16 }
2026-07-11T16:08:19+05:00,34044,74.8,7.9,1319488,53:53,astravector-postgres-1|49.07%|1.639GiB / 7.654GiB;astravector-qdrant-1|5.58%|1.101GiB / 7.654GiB;|total = 4096.00M  used = 3518.25M  free = 577.75M  (encrypted)|{ 5.59 4.41 6.15 }
2026-07-11T16:08:25+05:00,34044,75.3,7.9,1320256,54:01,astravector-postgres-1|50.34%|1.639GiB / 7.654GiB;astravector-qdrant-1|5.71%|1.1GiB / 7.654GiB;|total = 4096.00M  used = 3510.25M  free = 585.75M  (encrypted)|{ 5.50 4.43 6.14 }
2026-07-11T16:08:32+05:00,34044,150.3,7.6,1275312,54:07,astravector-postgres-1|48.37%|1.647GiB / 7.654GiB;astravector-qdrant-1|6.46%|1.099GiB / 7.654GiB;|total = 4096.00M  used = 3588.38M  free = 507.62M  (encrypted)|{ 26.52 8.80 7.67 }
2026-07-11T16:09:08+05:00,34044,0.3,7.7,1297824,54:42,astravector-postgres-1|52.49%|1.677GiB / 7.654GiB;astravector-qdrant-1|9.15%|1.103GiB / 7.654GiB;|total = 4096.00M  used = 3588.38M  free = 507.62M  (encrypted)|{ 22.74 8.58 7.60 }
2026-07-11T16:09:15+05:00,34044,90.7,7.8,1311232,54:50,astravector-postgres-1|108.89%|1.679GiB / 7.654GiB;astravector-qdrant-1|11.57%|1.105GiB / 7.654GiB;|total = 4096.00M  used = 3588.38M  free = 507.62M  (encrypted)|{ 21.16 8.49 7.58 }
2026-07-11T16:09:23+05:00,34044,99.5,7.9,1319376,54:57,astravector-postgres-1|46.17%|1.693GiB / 7.654GiB;astravector-qdrant-1|5.58%|1.106GiB / 7.654GiB;|total = 4096.00M  used = 3588.38M  free = 507.62M  (encrypted)|{ 18.44 8.32 7.53 }
2026-07-11T16:09:30+05:00,34044,100.6,7.9,1320592,55:05,astravector-postgres-1|45.86%|1.692GiB / 7.654GiB;astravector-qdrant-1|5.73%|1.104GiB / 7.654GiB;|total = 4096.00M  used = 3588.38M  free = 507.62M  (encrypted)|{ 17.04 8.20 7.49 }
2026-07-11T16:09:37+05:00,34044,74.2,7.9,1320800,55:12,astravector-postgres-1|50.83%|1.703GiB / 7.654GiB;astravector-qdrant-1|5.46%|1.104GiB / 7.654GiB;|total = 4096.00M  used = 3588.38M  free = 507.62M  (encrypted)|{ 14.57 7.96 7.41 }
2026-07-11T16:09:45+05:00,34044,70.7,7.9,1321248,55:19,astravector-postgres-1|45.72%|1.698GiB / 7.654GiB;astravector-qdrant-1|5.24%|1.107GiB / 7.654GiB;|total = 4096.00M  used = 3588.38M  free = 507.62M  (encrypted)|{ 13.65 7.88 7.39 }
2026-07-11T16:10:28+05:00,34044,79.5,7.9,1321424,55:27,astravector-postgres-1|47.78%|1.698GiB / 7.654GiB;astravector-qdrant-1|4.85%|1.111GiB / 7.654GiB;|total = 4096.00M  used = 3588.38M  free = 507.62M  (encrypted)|{ 11.94 7.70 7.33 }
2026-07-11T16:10:36+05:00,34044,61.4,7.7,1298576,56:11,astravector-postgres-1|162.16%|1.702GiB / 7.654GiB;astravector-qdrant-1|10.04%|1.109GiB / 7.654GiB;|total = 4096.00M  used = 3607.06M  free = 488.94M  (encrypted)|{ 11.22 7.62 7.30 }
2026-07-11T16:10:44+05:00,34044,80.9,7.7,1288352,56:18,astravector-postgres-1|50.24%|1.699GiB / 7.654GiB;astravector-qdrant-1|4.70%|1.107GiB / 7.654GiB;|total = 4096.00M  used = 3607.06M  free = 488.94M  (encrypted)|{ 9.65 7.41 7.23 }
2026-07-11T16:10:51+05:00,34044,77.2,7.7,1295072,56:26,astravector-postgres-1|48.89%|1.699GiB / 7.654GiB;astravector-qdrant-1|8.12%|1.109GiB / 7.654GiB;|total = 4096.00M  used = 3607.06M  free = 488.94M  (encrypted)|{ 9.04 7.32 7.20 }
2026-07-11T16:10:59+05:00,34044,53.1,7.7,1292560,56:33,astravector-postgres-1|53.87%|1.7GiB / 7.654GiB;astravector-qdrant-1|6.00%|1.109GiB / 7.654GiB;|total = 4096.00M  used = 3599.06M  free = 496.94M  (encrypted)|{ 9.22 7.42 7.24 }
2026-07-11T16:11:07+05:00,34044,77.5,7.7,1297472,56:41,astravector-postgres-1|48.52%|1.7GiB / 7.654GiB;astravector-qdrant-1|5.52%|1.108GiB / 7.654GiB;|total = 4096.00M  used = 3599.06M  free = 496.94M  (encrypted)|{ 8.64 7.33 7.21 }
2026-07-11T16:11:14+05:00,34044,42.6,7.7,1296256,56:49,astravector-postgres-1|44.72%|1.7GiB / 7.654GiB;astravector-qdrant-1|3.78%|1.108GiB / 7.654GiB;|total = 4096.00M  used = 3599.06M  free = 496.94M  (encrypted)|{ 7.47 7.12 7.13 }
2026-07-11T16:11:21+05:00,34044,39.6,7.7,1292352,56:56,astravector-postgres-1|57.62%|1.707GiB / 7.654GiB;astravector-qdrant-1|4.90%|1.109GiB / 7.654GiB;|total = 4096.00M  used = 3599.06M  free = 496.94M  (encrypted)|{ 6.95 7.02 7.10 }
2026-07-11T16:11:29+05:00,34044,44.4,7.7,1296928,57:03,astravector-postgres-1|46.27%|1.7GiB / 7.654GiB;astravector-qdrant-1|7.23%|1.105GiB / 7.654GiB;|total = 4096.00M  used = 3599.06M  free = 496.94M  (encrypted)|{ 5.95 6.80 7.02 }
2026-07-11T16:11:36+05:00,34044,89.5,7.8,1301008,57:11,astravector-postgres-1|45.24%|1.7GiB / 7.654GiB;astravector-qdrant-1|5.83%|1.104GiB / 7.654GiB;|total = 4096.00M  used = 3599.06M  free = 496.94M  (encrypted)|{ 5.48 6.69 6.98 }
2026-07-11T16:11:44+05:00,34044,87.4,7.7,1298944,57:18,astravector-postgres-1|45.09%|1.7GiB / 7.654GiB;astravector-qdrant-1|6.21%|1.105GiB / 7.654GiB;|total = 4096.00M  used = 3599.06M  free = 496.94M  (encrypted)|{ 5.02 6.55 6.93 }
2026-07-11T16:11:51+05:00,34044,99.0,7.7,1299536,57:26,astravector-postgres-1|47.26%|1.699GiB / 7.654GiB;astravector-qdrant-1|5.83%|1.107GiB / 7.654GiB;|total = 4096.00M  used = 3599.06M  free = 496.94M  (encrypted)|{ 4.94 6.51 6.91 }
2026-07-11T16:11:59+05:00,34044,70.1,7.7,1300096,57:33,astravector-postgres-1|46.03%|1.699GiB / 7.654GiB;astravector-qdrant-1|5.63%|1.106GiB / 7.654GiB;|total = 4096.00M  used = 3599.06M  free = 496.94M  (encrypted)|{ 4.55 6.38 6.86 }
2026-07-11T16:12:06+05:00,34044,90.7,7.8,1301232,57:41,astravector-postgres-1|46.93%|1.7GiB / 7.654GiB;astravector-qdrant-1|5.67%|1.106GiB / 7.654GiB;|total = 4096.00M  used = 3599.06M  free = 496.94M  (encrypted)|{ 4.51 6.34 6.84 }
2026-07-11T16:12:14+05:00,34044,97.9,7.8,1301328,57:48,astravector-postgres-1|47.15%|1.699GiB / 7.654GiB;astravector-qdrant-1|5.73%|1.105GiB / 7.654GiB;|total = 4096.00M  used = 3599.06M  free = 496.94M  (encrypted)|{ 4.49 6.27 6.81 }
2026-07-11T16:12:21+05:00,34044,45.0,7.8,1301568,57:56,astravector-postgres-1|47.93%|1.706GiB / 7.654GiB;astravector-qdrant-1|5.12%|1.105GiB / 7.654GiB;|total = 4096.00M  used = 3599.06M  free = 496.94M  (encrypted)|{ 4.29 6.20 6.78 }
2026-07-11T16:12:29+05:00,34044,49.9,7.8,1300960,58:03,astravector-postgres-1|45.59%|1.7GiB / 7.654GiB;astravector-qdrant-1|4.94%|1.107GiB / 7.654GiB;|total = 4096.00M  used = 3599.06M  free = 496.94M  (encrypted)|{ 3.95 6.06 6.73 }
2026-07-11T16:12:36+05:00,34044,86.7,7.8,1302272,58:11,astravector-postgres-1|44.60%|1.7GiB / 7.654GiB;astravector-qdrant-1|5.07%|1.106GiB / 7.654GiB;|total = 4096.00M  used = 3599.06M  free = 496.94M  (encrypted)|{ 3.95 6.03 6.71 }
2026-07-11T16:12:44+05:00,34044,46.7,7.8,1302048,58:18,astravector-postgres-1|45.30%|1.7GiB / 7.654GiB;astravector-qdrant-1|5.36%|1.106GiB / 7.654GiB;|total = 4096.00M  used = 3599.06M  free = 496.94M  (encrypted)|{ 4.25 6.03 6.70 }
2026-07-11T16:12:51+05:00,34044,92.0,7.8,1300384,58:26,astravector-postgres-1|46.32%|1.7GiB / 7.654GiB;astravector-qdrant-1|5.55%|1.107GiB / 7.654GiB;|total = 4096.00M  used = 3591.06M  free = 504.94M  (encrypted)|{ 3.99 5.94 6.67 }
2026-07-11T16:12:59+05:00,34044,69.6,7.7,1299856,58:33,astravector-postgres-1|45.69%|1.7GiB / 7.654GiB;astravector-qdrant-1|4.75%|1.108GiB / 7.654GiB;|total = 4096.00M  used = 3591.06M  free = 504.94M  (encrypted)|{ 4.13 5.91 6.65 }
2026-07-11T16:13:06+05:00,34044,93.1,7.7,1299616,58:41,astravector-postgres-1|51.17%|1.7GiB / 7.654GiB;astravector-qdrant-1|6.39%|1.107GiB / 7.654GiB;|total = 4096.00M  used = 3591.06M  free = 504.94M  (encrypted)|{ 3.88 5.83 6.61 }
2026-07-11T16:13:14+05:00,34044,98.1,7.7,1297968,58:48,astravector-postgres-1|46.65%|1.7GiB / 7.654GiB;astravector-qdrant-1|5.53%|1.106GiB / 7.654GiB;|total = 4096.00M  used = 3591.06M  free = 504.94M  (encrypted)|{ 3.66 5.72 6.56 }
2026-07-11T16:13:21+05:00,34044,48.2,7.7,1299520,58:56,astravector-postgres-1|50.28%|1.708GiB / 7.654GiB;astravector-qdrant-1|5.58%|1.106GiB / 7.654GiB;|total = 4096.00M  used = 3591.06M  free = 504.94M  (encrypted)|{ 3.53 5.66 6.54 }
2026-07-11T16:13:29+05:00,34044,56.5,7.7,1299952,59:03,astravector-postgres-1|45.41%|1.7GiB / 7.654GiB;astravector-qdrant-1|5.10%|1.106GiB / 7.654GiB;|total = 4096.00M  used = 3591.06M  free = 504.94M  (encrypted)|{ 3.37 5.55 6.49 }
2026-07-11T16:13:36+05:00,34044,100.0,7.7,1300144,59:11,astravector-postgres-1|46.91%|1.7GiB / 7.654GiB;astravector-qdrant-1|4.76%|1.107GiB / 7.654GiB;|total = 4096.00M  used = 3591.06M  free = 504.94M  (encrypted)|{ 3.26 5.49 6.46 }
2026-07-11T16:13:44+05:00,34044,46.5,7.7,1298224,59:18,astravector-postgres-1|45.34%|1.7GiB / 7.654GiB;astravector-qdrant-1|5.90%|1.106GiB / 7.654GiB;|total = 4096.00M  used = 3591.06M  free = 504.94M  (encrypted)|{ 2.90 5.35 6.40 }
2026-07-11T16:13:50+05:00,34044,85.9,7.7,1298832,59:26,astravector-postgres-1|46.09%|1.7GiB / 7.654GiB;astravector-qdrant-1|4.92%|1.107GiB / 7.654GiB;|total = 4096.00M  used = 3591.06M  free = 504.94M  (encrypted)|{ 2.83 5.29 6.37 }
2026-07-11T16:13:58+05:00,34044,71.9,7.7,1298720,59:32,astravector-postgres-1|45.33%|1.7GiB / 7.654GiB;astravector-qdrant-1|5.44%|1.107GiB / 7.654GiB;|total = 4096.00M  used = 3591.06M  free = 504.94M  (encrypted)|{ 2.68 5.22 6.34 }
2026-07-11T16:14:05+05:00,34044,91.6,7.7,1297632,59:40,astravector-postgres-1|125.42%|1.7GiB / 7.654GiB;astravector-qdrant-1|19.18%|1.107GiB / 7.654GiB;|total = 4096.00M  used = 3591.06M  free = 504.94M  (encrypted)|{ 2.74 5.15 6.30 }
2026-07-11T16:14:13+05:00,34044,90.8,7.7,1290240,59:47,astravector-postgres-1|47.11%|1.7GiB / 7.654GiB;astravector-qdrant-1|4.39%|1.106GiB / 7.654GiB;|total = 4096.00M  used = 3591.06M  free = 504.94M  (encrypted)|{ 2.60 5.08 6.27 }
2026-07-11T16:14:20+05:00,34044,96.5,7.7,1291200,59:55,astravector-postgres-1|49.68%|1.7GiB / 7.654GiB;astravector-qdrant-1|4.77%|1.106GiB / 7.654GiB;|total = 4096.00M  used = 3591.06M  free = 504.94M  (encrypted)|{ 2.44 4.96 6.21 }
2026-07-11T16:14:27+05:00,34044,60.5,7.7,1293584,01:00:02,astravector-postgres-1|51.77%|1.7GiB / 7.654GiB;astravector-qdrant-1|7.26%|1.108GiB / 7.654GiB;|total = 4096.00M  used = 3591.06M  free = 504.94M  (encrypted)|{ 2.41 4.91 6.19 }
2026-07-11T16:14:34+05:00,34044,64.8,7.7,1291712,01:00:09,astravector-postgres-1|46.92%|1.7GiB / 7.654GiB;astravector-qdrant-1|5.25%|1.107GiB / 7.654GiB;|total = 4096.00M  used = 3591.06M  free = 504.94M  (encrypted)|{ 2.42 4.83 6.15 }
2026-07-11T16:14:41+05:00,34044,88.4,7.7,1293664,01:00:16,astravector-postgres-1|47.56%|1.7GiB / 7.654GiB;astravector-qdrant-1|5.38%|1.107GiB / 7.654GiB;|total = 4096.00M  used = 3591.06M  free = 504.94M  (encrypted)|{ 2.30 4.77 6.12 }
2026-07-11T16:14:49+05:00,34044,48.8,7.7,1296048,01:00:23,astravector-postgres-1|47.23%|1.7GiB / 7.654GiB;astravector-qdrant-1|45.67%|1.106GiB / 7.654GiB;|total = 4096.00M  used = 3591.06M  free = 504.94M  (encrypted)|{ 3.23 4.87 6.14 }
2026-07-11T16:14:57+05:00,34044,66.7,7.7,1296768,01:00:31,astravector-postgres-1|46.72%|1.699GiB / 7.654GiB;astravector-qdrant-1|5.05%|1.108GiB / 7.654GiB;|total = 4096.00M  used = 3591.06M  free = 504.94M  (encrypted)|{ 3.29 4.86 6.12 }
2026-07-11T16:15:04+05:00,34044,67.1,7.7,1295008,01:00:39,astravector-postgres-1|46.54%|1.7GiB / 7.654GiB;astravector-qdrant-1|5.70%|1.107GiB / 7.654GiB;|total = 4096.00M  used = 3591.06M  free = 504.94M  (encrypted)|{ 3.55 4.86 6.11 }
2026-07-11T16:15:11+05:00,34044,34.7,7.7,1295392,01:00:46,astravector-postgres-1|62.79%|1.7GiB / 7.654GiB;astravector-qdrant-1|7.67%|1.109GiB / 7.654GiB;|total = 4096.00M  used = 3591.06M  free = 504.94M  (encrypted)|{ 4.55 5.05 6.17 }
2026-07-11T16:15:19+05:00,34044,86.9,7.7,1289472,01:00:53,astravector-postgres-1|42.75%|1.7GiB / 7.654GiB;astravector-qdrant-1|7.21%|1.108GiB / 7.654GiB;|total = 4096.00M  used = 3591.06M  free = 504.94M  (encrypted)|{ 4.92 5.11 6.18 }
2026-07-11T16:15:26+05:00,34044,41.5,7.7,1294976,01:01:01,astravector-postgres-1|46.36%|1.7GiB / 7.654GiB;astravector-qdrant-1|5.12%|1.108GiB / 7.654GiB;|total = 4096.00M  used = 3591.06M  free = 504.94M  (encrypted)|{ 4.93 5.11 6.17 }
2026-07-11T16:15:33+05:00,34044,22.9,4.9,826832,01:01:08,astravector-postgres-1|368.47%|1.778GiB / 7.654GiB;astravector-qdrant-1|23.03%|1.107GiB / 7.654GiB;|total = 4096.00M  used = 3591.06M  free = 504.94M  (encrypted)|{ 5.01 5.12 6.17 }
2026-07-11T16:15:40+05:00,34044,80.6,7.8,1303392,01:01:15,astravector-postgres-1|48.28%|1.814GiB / 7.654GiB;astravector-qdrant-1|5.06%|1.108GiB / 7.654GiB;|total = 4096.00M  used = 3591.06M  free = 504.94M  (encrypted)|{ 4.86 5.09 6.14 }
2026-07-11T16:15:48+05:00,34044,80.7,7.8,1305616,01:01:22,astravector-postgres-1|49.01%|1.828GiB / 7.654GiB;astravector-qdrant-1|5.35%|1.107GiB / 7.654GiB;|total = 4096.00M  used = 3591.06M  free = 504.94M  (encrypted)|{ 4.87 5.08 6.14 }
2026-07-11T16:15:56+05:00,34044,45.8,7.7,1298240,01:01:30,astravector-postgres-1|50.71%|1.847GiB / 7.654GiB;astravector-qdrant-1|5.29%|1.106GiB / 7.654GiB;|total = 4096.00M  used = 3583.06M  free = 512.94M  (encrypted)|{ 6.93 5.54 6.29 }
2026-07-11T16:16:03+05:00,34044,61.0,7.7,1293712,01:01:38,astravector-postgres-1|50.92%|1.859GiB / 7.654GiB;astravector-qdrant-1|7.13%|1.106GiB / 7.654GiB;|total = 4096.00M  used = 3583.06M  free = 512.94M  (encrypted)|{ 6.62 5.50 6.27 }
2026-07-11T16:16:10+05:00,34044,89.4,7.7,1299296,01:01:45,astravector-postgres-1|47.52%|1.861GiB / 7.654GiB;astravector-qdrant-1|4.73%|1.106GiB / 7.654GiB;|total = 4096.00M  used = 3583.06M  free = 512.94M  (encrypted)|{ 6.35 5.48 6.25 }
2026-07-11T16:16:18+05:00,34044,93.1,7.7,1298496,01:01:52,astravector-postgres-1|46.00%|1.861GiB / 7.654GiB;astravector-qdrant-1|5.62%|1.106GiB / 7.654GiB;|total = 4096.00M  used = 3583.06M  free = 512.94M  (encrypted)|{ 6.16 5.45 6.24 }
2026-07-11T16:16:25+05:00,34044,66.0,7.7,1299760,01:02:00,astravector-postgres-1|46.01%|1.862GiB / 7.654GiB;astravector-qdrant-1|5.50%|1.106GiB / 7.654GiB;|total = 4096.00M  used = 3583.06M  free = 512.94M  (encrypted)|{ 5.93 5.42 6.22 }
2026-07-11T16:16:33+05:00,34044,95.4,7.8,1300736,01:02:07,astravector-postgres-1|47.41%|1.862GiB / 7.654GiB;astravector-qdrant-1|5.39%|1.105GiB / 7.654GiB;|total = 4096.00M  used = 3583.06M  free = 512.94M  (encrypted)|{ 5.69 5.38 6.20 }
2026-07-11T16:16:39+05:00,34044,90.2,7.7,1298656,01:02:15,astravector-postgres-1|48.72%|1.862GiB / 7.654GiB;astravector-qdrant-1|5.06%|1.106GiB / 7.654GiB;|total = 4096.00M  used = 3583.06M  free = 512.94M  (encrypted)|{ 5.36 5.32 6.17 }
2026-07-11T16:16:47+05:00,34044,51.9,7.7,1298880,01:02:21,astravector-postgres-1|46.82%|1.862GiB / 7.654GiB;astravector-qdrant-1|5.11%|1.106GiB / 7.654GiB;|total = 4096.00M  used = 3583.06M  free = 512.94M  (encrypted)|{ 5.33 5.31 6.16 }
2026-07-11T16:16:54+05:00,34044,61.4,7.7,1297872,01:02:29,astravector-postgres-1|48.77%|1.862GiB / 7.654GiB;astravector-qdrant-1|5.51%|1.106GiB / 7.654GiB;|total = 4096.00M  used = 3583.06M  free = 512.94M  (encrypted)|{ 5.72 5.40 6.18 }
2026-07-11T16:17:01+05:00,34044,72.3,7.7,1298080,01:02:36,astravector-postgres-1|46.04%|1.863GiB / 7.654GiB;astravector-qdrant-1|5.47%|1.107GiB / 7.654GiB;|total = 4096.00M  used = 3583.06M  free = 512.94M  (encrypted)|{ 5.66 5.39 6.17 }
2026-07-11T16:17:09+05:00,34044,45.6,7.7,1298160,01:02:43,astravector-postgres-1|48.41%|1.863GiB / 7.654GiB;astravector-qdrant-1|5.59%|1.107GiB / 7.654GiB;|total = 4096.00M  used = 3583.06M  free = 512.94M  (encrypted)|{ 5.49 5.36 6.15 }
2026-07-11T16:17:16+05:00,34044,59.0,7.7,1294864,01:02:51,astravector-postgres-1|48.14%|1.863GiB / 7.654GiB;astravector-qdrant-1|5.39%|1.106GiB / 7.654GiB;|total = 4096.00M  used = 3583.06M  free = 512.94M  (encrypted)|{ 5.13 5.29 6.12 }
2026-07-11T16:17:24+05:00,34044,87.3,7.7,1295376,01:02:58,astravector-postgres-1|47.84%|1.863GiB / 7.654GiB;astravector-qdrant-1|4.96%|1.105GiB / 7.654GiB;|total = 4096.00M  used = 3583.06M  free = 512.94M  (encrypted)|{ 4.80 5.22 6.09 }
2026-07-11T16:17:31+05:00,34044,85.8,7.7,1294864,01:03:06,astravector-postgres-1|49.53%|1.862GiB / 7.654GiB;astravector-qdrant-1|5.31%|1.106GiB / 7.654GiB;|total = 4096.00M  used = 3583.06M  free = 512.94M  (encrypted)|{ 4.84 5.21 6.08 }
2026-07-11T16:17:38+05:00,34044,59.5,7.7,1287344,01:03:13,astravector-postgres-1|51.29%|1.861GiB / 7.654GiB;astravector-qdrant-1|5.07%|1.106GiB / 7.654GiB;|total = 4096.00M  used = 3583.06M  free = 512.94M  (encrypted)|{ 4.78 5.19 6.07 }
2026-07-11T16:17:45+05:00,34044,70.3,7.7,1295360,01:03:20,astravector-postgres-1|47.45%|1.862GiB / 7.654GiB;astravector-qdrant-1|5.84%|1.106GiB / 7.654GiB;|total = 4096.00M  used = 3583.06M  free = 512.94M  (encrypted)|{ 4.50 5.12 6.03 }
2026-07-11T16:17:53+05:00,34044,76.4,7.7,1297104,01:03:27,astravector-postgres-1|46.16%|1.862GiB / 7.654GiB;astravector-qdrant-1|5.84%|1.105GiB / 7.654GiB;|total = 4096.00M  used = 3583.06M  free = 512.94M  (encrypted)|{ 4.22 5.05 6.00 }
2026-07-11T16:18:00+05:00,34044,95.4,7.7,1297392,01:03:35,astravector-postgres-1|50.06%|1.863GiB / 7.654GiB;astravector-qdrant-1|4.71%|1.107GiB / 7.654GiB;|total = 4096.00M  used = 3583.06M  free = 512.94M  (encrypted)|{ 3.81 4.93 5.95 }
2026-07-11T16:18:08+05:00,34044,94.0,7.7,1298432,01:03:42,astravector-postgres-1|47.92%|1.863GiB / 7.654GiB;astravector-qdrant-1|5.09%|1.107GiB / 7.654GiB;|total = 4096.00M  used = 3583.06M  free = 512.94M  (encrypted)|{ 3.74 4.90 5.93 }
2026-07-11T16:18:15+05:00,34044,67.0,7.7,1293504,01:03:50,astravector-postgres-1|50.31%|1.863GiB / 7.654GiB;astravector-qdrant-1|5.50%|1.105GiB / 7.654GiB;|total = 4096.00M  used = 3583.06M  free = 512.94M  (encrypted)|{ 3.56 4.82 5.89 }
2026-07-11T16:18:23+05:00,34044,102.3,7.7,1294400,01:03:57,astravector-postgres-1|46.38%|1.863GiB / 7.654GiB;astravector-qdrant-1|4.92%|1.104GiB / 7.654GiB;|total = 4096.00M  used = 3583.06M  free = 512.94M  (encrypted)|{ 3.43 4.78 5.87 }
2026-07-11T16:18:30+05:00,34044,86.3,7.7,1295312,01:04:05,astravector-postgres-1|45.52%|1.863GiB / 7.654GiB;astravector-qdrant-1|5.80%|1.107GiB / 7.654GiB;|total = 4096.00M  used = 3583.06M  free = 512.94M  (encrypted)|{ 3.21 4.68 5.82 }
2026-07-11T16:18:38+05:00,34044,53.4,7.7,1295920,01:04:12,astravector-postgres-1|46.81%|1.863GiB / 7.654GiB;astravector-qdrant-1|4.77%|1.106GiB / 7.654GiB;|total = 4096.00M  used = 3583.06M  free = 512.94M  (encrypted)|{ 2.95 4.61 5.79 }
2026-07-11T16:18:45+05:00,34044,60.6,7.7,1295776,01:04:20,astravector-postgres-1|45.79%|1.863GiB / 7.654GiB;astravector-qdrant-1|5.72%|1.105GiB / 7.654GiB;|total = 4096.00M  used = 3583.06M  free = 512.94M  (encrypted)|{ 2.87 4.54 5.75 }
2026-07-11T16:18:53+05:00,34044,87.9,7.7,1296320,01:04:27,astravector-postgres-1|46.02%|1.864GiB / 7.654GiB;astravector-qdrant-1|4.81%|1.107GiB / 7.654GiB;|total = 4096.00M  used = 3583.06M  free = 512.94M  (encrypted)|{ 2.72 4.48 5.72 }
2026-07-11T16:19:00+05:00,34044,85.8,7.7,1296448,01:04:35,astravector-postgres-1|47.24%|1.864GiB / 7.654GiB;astravector-qdrant-1|6.32%|1.107GiB / 7.654GiB;|total = 4096.00M  used = 3583.06M  free = 512.94M  (encrypted)|{ 2.54 4.38 5.67 }
2026-07-11T16:19:08+05:00,34044,43.9,7.7,1296576,01:04:42,astravector-postgres-1|52.36%|1.872GiB / 7.654GiB;astravector-qdrant-1|5.47%|1.106GiB / 7.654GiB;|total = 4096.00M  used = 3583.06M  free = 512.94M  (encrypted)|{ 2.33 4.30 5.64 }
2026-07-11T16:19:15+05:00,34044,50.6,7.7,1294800,01:04:50,astravector-postgres-1|47.04%|1.865GiB / 7.654GiB;astravector-qdrant-1|4.98%|1.106GiB / 7.654GiB;|total = 4096.00M  used = 3583.06M  free = 512.94M  (encrypted)|{ 2.13 4.20 5.58 }
2026-07-11T16:19:23+05:00,34044,87.5,7.7,1295360,01:04:58,astravector-postgres-1|49.81%|1.865GiB / 7.654GiB;astravector-qdrant-1|5.58%|1.105GiB / 7.654GiB;|total = 4096.00M  used = 3583.06M  free = 512.94M  (encrypted)|{ 2.04 4.14 5.55 }
2026-07-11T16:19:30+05:00,34044,69.5,7.7,1296384,01:05:05,astravector-postgres-1|49.50%|1.865GiB / 7.654GiB;astravector-qdrant-1|4.97%|1.106GiB / 7.654GiB;|total = 4096.00M  used = 3583.06M  free = 512.94M  (encrypted)|{ 1.87 4.04 5.50 }
2026-07-11T16:19:37+05:00,34044,70.6,7.7,1297264,01:05:12,astravector-postgres-1|45.52%|1.864GiB / 7.654GiB;astravector-qdrant-1|4.97%|1.107GiB / 7.654GiB;|total = 4096.00M  used = 3583.06M  free = 512.94M  (encrypted)|{ 1.80 3.99 5.47 }
2026-07-11T16:19:44+05:00,34044,69.9,7.7,1297616,01:05:19,astravector-postgres-1|46.14%|1.865GiB / 7.654GiB;astravector-qdrant-1|5.51%|1.107GiB / 7.654GiB;|total = 4096.00M  used = 3583.06M  free = 512.94M  (encrypted)|{ 1.90 3.97 5.46 }
2026-07-11T16:19:51+05:00,34044,93.2,7.7,1298224,01:05:26,astravector-postgres-1|47.26%|1.865GiB / 7.654GiB;astravector-qdrant-1|4.97%|1.108GiB / 7.654GiB;|total = 4096.00M  used = 3583.06M  free = 512.94M  (encrypted)|{ 2.46 4.02 5.46 }
2026-07-11T16:19:59+05:00,34044,94.2,7.7,1297840,01:05:33,astravector-postgres-1|50.58%|1.872GiB / 7.654GiB;astravector-qdrant-1|5.47%|1.106GiB / 7.654GiB;|total = 4096.00M  used = 3583.06M  free = 512.94M  (encrypted)|{ 2.58 4.02 5.45 }
2026-07-11T16:20:06+05:00,34044,62.7,7.7,1298944,01:05:41,astravector-postgres-1|49.02%|1.864GiB / 7.654GiB;astravector-qdrant-1|5.10%|1.106GiB / 7.654GiB;|total = 4096.00M  used = 3583.06M  free = 512.94M  (encrypted)|{ 3.04 4.07 5.45 }
2026-07-11T16:20:14+05:00,34044,69.5,7.7,1298800,01:05:48,astravector-postgres-1|47.68%|1.864GiB / 7.654GiB;astravector-qdrant-1|5.44%|1.107GiB / 7.654GiB;|total = 4096.00M  used = 3583.06M  free = 512.94M  (encrypted)|{ 3.04 4.05 5.44 }
2026-07-11T16:20:21+05:00,34044,87.8,7.7,1299008,01:05:56,astravector-postgres-1|48.08%|1.864GiB / 7.654GiB;astravector-qdrant-1|5.55%|1.107GiB / 7.654GiB;|total = 4096.00M  used = 3583.06M  free = 512.94M  (encrypted)|{ 3.26 4.06 5.42 }
2026-07-11T16:20:29+05:00,34044,87.6,7.7,1296816,01:06:03,astravector-postgres-1|46.10%|1.867GiB / 7.654GiB;astravector-qdrant-1|4.81%|1.106GiB / 7.654GiB;|total = 4096.00M  used = 3583.06M  free = 512.94M  (encrypted)|{ 3.32 4.06 5.42 }
2026-07-11T16:20:37+05:00,34044,70.4,7.7,1292944,01:06:11,astravector-postgres-1|52.05%|1.866GiB / 7.654GiB;astravector-qdrant-1|9.71%|1.108GiB / 7.654GiB;|total = 4096.00M  used = 3583.06M  free = 512.94M  (encrypted)|{ 3.80 4.14 5.43 }
2026-07-11T16:20:44+05:00,34044,66.5,7.7,1294336,01:06:19,astravector-postgres-1|47.10%|1.866GiB / 7.654GiB;astravector-qdrant-1|5.48%|1.107GiB / 7.654GiB;|total = 4096.00M  used = 3583.06M  free = 512.94M  (encrypted)|{ 3.74 4.12 5.41 }
2026-07-11T16:20:51+05:00,34044,79.3,7.7,1296896,01:06:26,astravector-postgres-1|54.52%|1.866GiB / 7.654GiB;astravector-qdrant-1|5.86%|1.108GiB / 7.654GiB;|total = 4096.00M  used = 3583.06M  free = 512.94M  (encrypted)|{ 3.39 4.04 5.37 }
2026-07-11T16:20:59+05:00,34044,98.6,7.7,1295424,01:06:33,astravector-postgres-1|48.40%|1.866GiB / 7.654GiB;astravector-qdrant-1|5.56%|1.107GiB / 7.654GiB;|total = 4096.00M  used = 3583.06M  free = 512.94M  (encrypted)|{ 3.60 4.07 5.37 }
2026-07-11T16:21:07+05:00,34044,55.3,7.7,1295584,01:06:41,astravector-postgres-1|51.47%|1.866GiB / 7.654GiB;astravector-qdrant-1|6.10%|1.106GiB / 7.654GiB;|total = 4096.00M  used = 3583.06M  free = 512.94M  (encrypted)|{ 3.88 4.11 5.37 }
2026-07-11T16:21:14+05:00,34044,65.9,7.7,1297088,01:06:49,astravector-postgres-1|48.39%|1.698GiB / 7.654GiB;astravector-qdrant-1|6.51%|1.106GiB / 7.654GiB;|total = 4096.00M  used = 3583.06M  free = 512.94M  (encrypted)|{ 3.80 4.10 5.36 }
2026-07-11T16:21:21+05:00,34044,79.2,7.7,1299264,01:06:56,astravector-postgres-1|47.38%|1.698GiB / 7.654GiB;astravector-qdrant-1|4.41%|1.106GiB / 7.654GiB;|total = 4096.00M  used = 3583.06M  free = 512.94M  (encrypted)|{ 3.68 4.06 5.33 }
2026-07-11T16:21:29+05:00,34044,88.4,7.7,1299840,01:07:03,astravector-postgres-1|48.76%|1.699GiB / 7.654GiB;astravector-qdrant-1|5.50%|1.105GiB / 7.654GiB;|total = 4096.00M  used = 3583.06M  free = 512.94M  (encrypted)|{ 3.63 4.04 5.31 }
2026-07-11T16:21:37+05:00,34044,54.6,7.7,1298320,01:07:11,astravector-postgres-1|51.37%|1.53GiB / 7.654GiB;astravector-qdrant-1|6.36%|1.106GiB / 7.654GiB;|total = 4096.00M  used = 3583.06M  free = 512.94M  (encrypted)|{ 3.82 4.07 5.31 }
2026-07-11T16:21:44+05:00,34044,60.4,7.7,1298448,01:07:19,astravector-postgres-1|48.84%|1.529GiB / 7.654GiB;astravector-qdrant-1|6.08%|1.107GiB / 7.654GiB;|total = 4096.00M  used = 3583.06M  free = 512.94M  (encrypted)|{ 4.08 4.12 5.32 }
2026-07-11T16:21:51+05:00,34044,73.5,7.7,1299376,01:07:26,astravector-postgres-1|48.25%|1.53GiB / 7.654GiB;astravector-qdrant-1|4.33%|1.107GiB / 7.654GiB;|total = 4096.00M  used = 3583.06M  free = 512.94M  (encrypted)|{ 4.29 4.16 5.32 }
2026-07-11T16:21:59+05:00,34044,87.7,7.7,1298400,01:07:33,astravector-postgres-1|48.43%|1.53GiB / 7.654GiB;astravector-qdrant-1|5.14%|1.106GiB / 7.654GiB;|total = 4096.00M  used = 3583.06M  free = 512.94M  (encrypted)|{ 4.19 4.15 5.31 }
2026-07-11T16:22:07+05:00,34044,45.7,7.7,1296864,01:07:41,astravector-postgres-1|49.07%|1.44GiB / 7.654GiB;astravector-qdrant-1|5.53%|1.107GiB / 7.654GiB;|total = 4096.00M  used = 3583.06M  free = 512.94M  (encrypted)|{ 4.16 4.14 5.29 }
2026-07-11T16:22:14+05:00,34044,52.2,7.7,1295152,01:07:49,astravector-postgres-1|49.70%|1.44GiB / 7.654GiB;astravector-qdrant-1|4.93%|1.107GiB / 7.654GiB;|total = 4096.00M  used = 3583.06M  free = 512.94M  (encrypted)|{ 4.15 4.14 5.29 }
2026-07-11T16:22:21+05:00,34044,68.3,7.7,1296192,01:07:56,astravector-postgres-1|48.81%|1.441GiB / 7.654GiB;astravector-qdrant-1|4.52%|1.107GiB / 7.654GiB;|total = 4096.00M  used = 3583.06M  free = 512.94M  (encrypted)|{ 4.65 4.25 5.31 }
2026-07-11T16:22:29+05:00,34044,78.7,7.7,1292704,01:08:03,astravector-postgres-1|47.04%|1.441GiB / 7.654GiB;astravector-qdrant-1|5.04%|1.106GiB / 7.654GiB;|total = 4096.00M  used = 3583.06M  free = 512.94M  (encrypted)|{ 4.75 4.28 5.31 }
2026-07-11T16:22:37+05:00,34044,55.0,7.7,1292944,01:08:11,astravector-postgres-1|49.28%|1.441GiB / 7.654GiB;astravector-qdrant-1|5.26%|1.105GiB / 7.654GiB;|total = 4096.00M  used = 3583.06M  free = 512.94M  (encrypted)|{ 6.02 4.56 5.40 }
2026-07-11T16:22:44+05:00,34044,52.2,7.7,1293456,01:08:19,astravector-postgres-1|49.66%|1.441GiB / 7.654GiB;astravector-qdrant-1|5.10%|1.106GiB / 7.654GiB;|total = 4096.00M  used = 3583.06M  free = 512.94M  (encrypted)|{ 5.94 4.57 5.40 }
2026-07-11T16:22:51+05:00,34044,68.3,7.7,1293760,01:08:26,astravector-postgres-1|47.42%|1.44GiB / 7.654GiB;astravector-qdrant-1|4.65%|1.106GiB / 7.654GiB;|total = 4096.00M  used = 3583.06M  free = 512.94M  (encrypted)|{ 5.55 4.53 5.38 }
2026-07-11T16:22:59+05:00,34044,74.8,7.7,1294384,01:08:34,astravector-postgres-1|46.53%|1.441GiB / 7.654GiB;astravector-qdrant-1|4.76%|1.105GiB / 7.654GiB;|total = 4096.00M  used = 3583.06M  free = 512.94M  (encrypted)|{ 5.34 4.51 5.37 }
2026-07-11T16:23:07+05:00,34044,68.9,7.7,1295312,01:08:41,astravector-postgres-1|48.59%|1.441GiB / 7.654GiB;astravector-qdrant-1|5.35%|1.104GiB / 7.654GiB;|total = 4096.00M  used = 3583.06M  free = 512.94M  (encrypted)|{ 6.22 4.72 5.43 }
2026-07-11T16:23:14+05:00,34044,45.5,7.7,1296048,01:08:49,astravector-postgres-1|47.65%|1.441GiB / 7.654GiB;astravector-qdrant-1|6.20%|1.105GiB / 7.654GiB;|total = 4096.00M  used = 3583.06M  free = 512.94M  (encrypted)|{ 5.88 4.70 5.41 }
2026-07-11T16:23:22+05:00,34044,85.5,7.7,1296208,01:08:56,astravector-postgres-1|47.83%|1.44GiB / 7.654GiB;astravector-qdrant-1|5.16%|1.107GiB / 7.654GiB;|total = 4096.00M  used = 3583.06M  free = 512.94M  (encrypted)|{ 6.21 4.78 5.44 }
2026-07-11T16:23:29+05:00,34044,86.7,7.7,1296304,01:09:04,astravector-postgres-1|50.11%|1.441GiB / 7.654GiB;astravector-qdrant-1|5.03%|1.104GiB / 7.654GiB;|total = 4096.00M  used = 3583.06M  free = 512.94M  (encrypted)|{ 5.79 4.74 5.42 }
2026-07-11T16:23:37+05:00,34044,53.7,7.7,1294752,01:09:11,astravector-postgres-1|49.98%|1.44GiB / 7.654GiB;astravector-qdrant-1|5.71%|1.103GiB / 7.654GiB;|total = 4096.00M  used = 3583.06M  free = 512.94M  (encrypted)|{ 5.56 4.71 5.40 }
2026-07-11T16:23:44+05:00,34044,71.7,7.7,1293952,01:09:19,astravector-postgres-1|50.07%|1.448GiB / 7.654GiB;astravector-qdrant-1|5.73%|1.102GiB / 7.654GiB;|total = 4096.00M  used = 3583.06M  free = 512.94M  (encrypted)|{ 5.36 4.68 5.39 }
2026-07-11T16:23:52+05:00,34044,62.1,7.7,1294784,01:09:26,astravector-postgres-1|48.82%|1.44GiB / 7.654GiB;astravector-qdrant-1|4.83%|1.106GiB / 7.654GiB;|total = 4096.00M  used = 3583.06M  free = 512.94M  (encrypted)|{ 5.07 4.64 5.37 }
2026-07-11T16:23:59+05:00,34044,71.4,7.7,1294544,01:09:34,astravector-postgres-1|51.50%|1.441GiB / 7.654GiB;astravector-qdrant-1|5.13%|1.105GiB / 7.654GiB;|total = 4096.00M  used = 3583.06M  free = 512.94M  (encrypted)|{ 4.98 4.63 5.36 }
2026-07-11T16:24:07+05:00,34044,99.7,7.7,1295840,01:09:41,astravector-postgres-1|48.79%|1.44GiB / 7.654GiB;astravector-qdrant-1|5.13%|1.104GiB / 7.654GiB;|total = 4096.00M  used = 3583.06M  free = 512.94M  (encrypted)|{ 4.91 4.63 5.35 }
2026-07-11T16:24:14+05:00,34044,72.1,7.7,1295248,01:09:49,astravector-postgres-1|50.67%|1.44GiB / 7.654GiB;astravector-qdrant-1|4.61%|1.105GiB / 7.654GiB;|total = 4096.00M  used = 3583.06M  free = 512.94M  (encrypted)|{ 4.76 4.60 5.33 }
2026-07-11T16:24:22+05:00,34044,53.0,7.7,1295472,01:09:56,astravector-postgres-1|59.06%|1.443GiB / 7.654GiB;astravector-qdrant-1|5.81%|1.106GiB / 7.654GiB;|total = 4096.00M  used = 3583.06M  free = 512.94M  (encrypted)|{ 5.04 4.66 5.35 }
2026-07-11T16:24:29+05:00,34044,69.0,7.7,1294272,01:10:04,astravector-postgres-1|64.85%|1.44GiB / 7.654GiB;astravector-qdrant-1|4.54%|1.105GiB / 7.654GiB;|total = 4096.00M  used = 3583.06M  free = 512.94M  (encrypted)|{ 6.09 4.89 5.42 }
2026-07-11T16:24:37+05:00,34044,124.5,7.7,1293856,01:10:11,astravector-postgres-1|98.82%|1.442GiB / 7.654GiB;astravector-qdrant-1|5.56%|1.103GiB / 7.654GiB;|total = 4096.00M  used = 3583.06M  free = 512.94M  (encrypted)|{ 6.08 4.91 5.42 }
2026-07-11T16:24:44+05:00,34044,160.4,7.8,1306928,01:10:19,astravector-postgres-1|173.86%|1.464GiB / 7.654GiB;astravector-qdrant-1|6.02%|1.105GiB / 7.654GiB;|total = 4096.00M  used = 3583.06M  free = 512.94M  (encrypted)|{ 5.92 4.89 5.41 }
2026-07-11T16:24:52+05:00,34044,136.9,7.8,1315920,01:10:26,astravector-postgres-1|248.48%|1.515GiB / 7.654GiB;astravector-qdrant-1|10.16%|1.108GiB / 7.654GiB;|total = 4096.00M  used = 3583.06M  free = 512.94M  (encrypted)|{ 6.22 4.99 5.44 }
2026-07-11T16:24:59+05:00,34044,129.0,7.8,1313536,01:10:34,astravector-postgres-1|285.72%|1.576GiB / 7.654GiB;astravector-qdrant-1|8.70%|1.108GiB / 7.654GiB;|total = 4096.00M  used = 3583.06M  free = 512.94M  (encrypted)|{ 6.92 5.18 5.50 }
2026-07-11T16:25:07+05:00,34044,133.4,7.8,1308336,01:10:42,astravector-postgres-1|173.53%|1.595GiB / 7.654GiB;astravector-qdrant-1|6.79%|1.108GiB / 7.654GiB;|total = 4096.00M  used = 3583.06M  free = 512.94M  (encrypted)|{ 6.69 5.16 5.49 }
2026-07-11T16:25:14+05:00,34044,129.4,7.8,1305056,01:10:49,astravector-postgres-1|188.79%|1.594GiB / 7.654GiB;astravector-qdrant-1|7.37%|1.108GiB / 7.654GiB;|total = 4096.00M  used = 3583.06M  free = 512.94M  (encrypted)|{ 7.03 5.25 5.52 }
2026-07-11T16:25:22+05:00,34044,161.0,7.8,1307168,01:10:56,astravector-postgres-1|197.13%|1.594GiB / 7.654GiB;astravector-qdrant-1|7.64%|1.111GiB / 7.654GiB;|total = 4096.00M  used = 3583.06M  free = 512.94M  (encrypted)|{ 6.71 5.24 5.52 }
2026-07-11T16:25:29+05:00,34044,135.3,7.8,1306896,01:11:04,astravector-postgres-1|134.57%|1.594GiB / 7.654GiB;astravector-qdrant-1|7.53%|1.11GiB / 7.654GiB;|total = 4096.00M  used = 3583.06M  free = 512.94M  (encrypted)|{ 9.09 5.78 5.70 }
2026-07-11T16:25:37+05:00,34044,169.6,7.7,1286736,01:11:12,astravector-postgres-1|177.62%|1.674GiB / 7.654GiB;astravector-qdrant-1|10.36%|1.109GiB / 7.654GiB;|total = 4096.00M  used = 3575.06M  free = 520.94M  (encrypted)|{ 9.48 5.92 5.75 }
2026-07-11T16:25:44+05:00,34044,109.1,7.7,1293088,01:11:19,astravector-postgres-1|292.71%|1.678GiB / 7.654GiB;astravector-qdrant-1|22.25%|1.107GiB / 7.654GiB;|total = 4096.00M  used = 3575.06M  free = 520.94M  (encrypted)|{ 11.65 6.49 5.95 }
2026-07-11T16:25:53+05:00,34044,88.2,7.8,1309616,01:11:26,astravector-postgres-1|167.40%|1.689GiB / 7.654GiB;astravector-qdrant-1|2.43%|1.108GiB / 7.654GiB;|total = 4096.00M  used = 3575.06M  free = 520.94M  (encrypted)|{ 11.19 6.48 5.95 }
2026-07-11T16:26:00+05:00,34044,91.9,7.8,1316352,01:11:35,astravector-postgres-1|48.01%|1.679GiB / 7.654GiB;astravector-qdrant-1|4.62%|1.108GiB / 7.654GiB;|total = 4096.00M  used = 3575.06M  free = 520.94M  (encrypted)|{ 9.87 6.35 5.91 }
2026-07-11T16:26:08+05:00,34044,70.2,7.9,1317296,01:11:42,astravector-postgres-1|47.05%|1.686GiB / 7.654GiB;astravector-qdrant-1|4.48%|1.107GiB / 7.654GiB;|total = 4096.00M  used = 3575.06M  free = 520.94M  (encrypted)|{ 9.64 6.36 5.92 }
2026-07-11T16:26:15+05:00,34044,97.3,7.9,1319520,01:11:50,astravector-postgres-1|46.23%|1.687GiB / 7.654GiB;astravector-qdrant-1|5.51%|1.108GiB / 7.654GiB;|total = 4096.00M  used = 3575.06M  free = 520.94M  (encrypted)|{ 8.77 6.28 5.90 }
2026-07-11T16:26:22+05:00,34044,107.2,7.9,1320064,01:11:57,astravector-postgres-1|49.88%|1.695GiB / 7.654GiB;astravector-qdrant-1|5.38%|1.11GiB / 7.654GiB;|total = 4096.00M  used = 3575.06M  free = 520.94M  (encrypted)|{ 8.55 6.27 5.90 }
2026-07-11T16:26:30+05:00,34044,64.2,7.9,1320848,01:12:04,astravector-postgres-1|46.07%|1.687GiB / 7.654GiB;astravector-qdrant-1|6.69%|1.109GiB / 7.654GiB;|total = 4096.00M  used = 3575.06M  free = 520.94M  (encrypted)|{ 8.03 6.23 5.88 }
2026-07-11T16:26:37+05:00,34044,92.6,7.9,1322960,01:12:12,astravector-postgres-1|46.48%|1.687GiB / 7.654GiB;astravector-qdrant-1|4.58%|1.108GiB / 7.654GiB;|total = 4096.00M  used = 3575.06M  free = 520.94M  (encrypted)|{ 7.46 6.15 5.86 }
2026-07-11T16:34:19+05:00,34044,71.6,4.4,744176,01:19:53,astravector-postgres-1|48.55%|1.687GiB / 7.654GiB;astravector-qdrant-1|22.40%|1.106GiB / 7.654GiB;|total = 4096.00M  used = 3598.62M  free = 497.38M  (encrypted)|{ 12.70 7.32 6.28 }
2026-07-11T16:34:26+05:00,34044,74.4,7.7,1288144,01:20:01,astravector-postgres-1|46.69%|1.687GiB / 7.654GiB;astravector-qdrant-1|4.83%|1.106GiB / 7.654GiB;|total = 4096.00M  used = 3598.62M  free = 497.38M  (encrypted)|{ 11.92 7.25 6.26 }
2026-07-11T16:34:33+05:00,34044,43.4,7.7,1295344,01:20:08,astravector-postgres-1|47.19%|1.687GiB / 7.654GiB;astravector-qdrant-1|5.06%|1.106GiB / 7.654GiB;|total = 4096.00M  used = 3598.62M  free = 497.38M  (encrypted)|{ 11.37 7.21 6.25 }
2026-07-11T16:34:41+05:00,34044,51.7,7.7,1289088,01:20:15,astravector-postgres-1|45.91%|1.687GiB / 7.654GiB;astravector-qdrant-1|5.66%|1.108GiB / 7.654GiB;|total = 4096.00M  used = 3598.62M  free = 497.38M  (encrypted)|{ 10.23 7.11 6.22 }
2026-07-11T16:34:48+05:00,34044,85.9,7.7,1298848,01:20:23,astravector-postgres-1|45.66%|1.689GiB / 7.654GiB;astravector-qdrant-1|5.63%|1.108GiB / 7.654GiB;|total = 4096.00M  used = 3598.62M  free = 497.38M  (encrypted)|{ 9.81 7.07 6.22 }
2026-07-11T16:34:55+05:00,34044,68.1,7.7,1298912,01:20:30,astravector-postgres-1|43.54%|1.689GiB / 7.654GiB;astravector-qdrant-1|5.93%|1.109GiB / 7.654GiB;|total = 4096.00M  used = 3598.62M  free = 497.38M  (encrypted)|{ 9.35 7.07 6.23 }
2026-07-11T16:35:02+05:00,34044,75.9,7.8,1301216,01:20:37,astravector-postgres-1|45.49%|1.69GiB / 7.654GiB;astravector-qdrant-1|4.98%|1.108GiB / 7.654GiB;|total = 4096.00M  used = 3598.62M  free = 497.38M  (encrypted)|{ 8.92 7.02 6.21 }
2026-07-11T16:35:10+05:00,34044,83.6,7.8,1301424,01:20:44,astravector-postgres-1|29.81%|1.69GiB / 7.654GiB;astravector-qdrant-1|5.18%|1.108GiB / 7.654GiB;|total = 4096.00M  used = 3598.62M  free = 497.38M  (encrypted)|{ 7.86 6.85 6.16 }
2026-07-11T16:35:17+05:00,34044,61.7,7.7,1298912,01:20:52,astravector-postgres-1|47.67%|1.693GiB / 7.654GiB;astravector-qdrant-1|4.86%|1.106GiB / 7.654GiB;|total = 4096.00M  used = 3598.62M  free = 497.38M  (encrypted)|{ 7.31 6.75 6.13 }
2026-07-11T16:35:24+05:00,34044,96.9,7.8,1301216,01:20:59,astravector-postgres-1|48.16%|1.693GiB / 7.654GiB;astravector-qdrant-1|5.90%|1.108GiB / 7.654GiB;|total = 4096.00M  used = 3598.62M  free = 497.38M  (encrypted)|{ 6.49 6.60 6.08 }
2026-07-11T16:35:32+05:00,34044,66.4,7.8,1304080,01:21:06,astravector-postgres-1|45.97%|1.692GiB / 7.654GiB;astravector-qdrant-1|5.57%|1.107GiB / 7.654GiB;|total = 4096.00M  used = 3598.62M  free = 497.38M  (encrypted)|{ 6.05 6.50 6.05 }
2026-07-11T16:35:39+05:00,34044,68.1,7.8,1304464,01:21:14,astravector-postgres-1|46.08%|1.694GiB / 7.654GiB;astravector-qdrant-1|4.88%|1.106GiB / 7.654GiB;|total = 4096.00M  used = 3598.62M  free = 497.38M  (encrypted)|{ 5.65 6.40 6.02 }
2026-07-11T16:35:47+05:00,34044,75.1,7.8,1304352,01:21:21,astravector-postgres-1|46.57%|1.694GiB / 7.654GiB;astravector-qdrant-1|4.55%|1.108GiB / 7.654GiB;|total = 4096.00M  used = 3598.62M  free = 497.38M  (encrypted)|{ 5.28 6.31 5.99 }
2026-07-11T16:35:54+05:00,34044,45.4,7.8,1304688,01:21:29,astravector-postgres-1|49.19%|1.696GiB / 7.654GiB;astravector-qdrant-1|5.56%|1.107GiB / 7.654GiB;|total = 4096.00M  used = 3598.62M  free = 497.38M  (encrypted)|{ 4.86 6.19 5.95 }
2026-07-11T16:36:02+05:00,34044,58.8,7.8,1305024,01:21:36,astravector-postgres-1|45.67%|1.695GiB / 7.654GiB;astravector-qdrant-1|5.97%|1.107GiB / 7.654GiB;|total = 4096.00M  used = 3598.62M  free = 497.38M  (encrypted)|{ 4.95 6.18 5.95 }
2026-07-11T16:36:09+05:00,34044,96.5,7.8,1305168,01:21:44,astravector-postgres-1|47.32%|1.695GiB / 7.654GiB;astravector-qdrant-1|4.39%|1.107GiB / 7.654GiB;|total = 4096.00M  used = 3598.62M  free = 497.38M  (encrypted)|{ 4.41 6.03 5.90 }
2026-07-11T16:36:17+05:00,34044,50.1,7.8,1305472,01:21:51,astravector-postgres-1|50.50%|1.695GiB / 7.654GiB;astravector-qdrant-1|5.65%|1.109GiB / 7.654GiB;|total = 4096.00M  used = 3598.62M  free = 497.38M  (encrypted)|{ 4.22 5.96 5.88 }
2026-07-11T16:36:23+05:00,34044,82.4,7.8,1305536,01:21:59,astravector-postgres-1|45.97%|1.695GiB / 7.654GiB;astravector-qdrant-1|4.64%|1.108GiB / 7.654GiB;|total = 4096.00M  used = 3598.62M  free = 497.38M  (encrypted)|{ 4.12 5.91 5.86 }
2026-07-11T16:36:31+05:00,34044,48.3,7.8,1304400,01:22:05,astravector-postgres-1|45.21%|1.695GiB / 7.654GiB;astravector-qdrant-1|4.07%|1.106GiB / 7.654GiB;|total = 4096.00M  used = 3598.62M  free = 497.38M  (encrypted)|{ 3.56 5.73 5.80 }
2026-07-11T16:36:38+05:00,34044,74.6,7.8,1305168,01:22:13,astravector-postgres-1|46.13%|1.695GiB / 7.654GiB;astravector-qdrant-1|5.29%|1.107GiB / 7.654GiB;|total = 4096.00M  used = 3598.62M  free = 497.38M  (encrypted)|{ 3.44 5.67 5.77 }
2026-07-11T16:36:45+05:00,34044,45.5,7.6,1267152,01:22:20,astravector-postgres-1|55.59%|1.703GiB / 7.654GiB;astravector-qdrant-1|7.65%|1.108GiB / 7.654GiB;|total = 4096.00M  used = 3598.62M  free = 497.38M  (encrypted)|{ 3.21 5.55 5.73 }
2026-07-11T16:36:53+05:00,34044,43.7,7.7,1287520,01:22:27,astravector-postgres-1|45.91%|1.695GiB / 7.654GiB;astravector-qdrant-1|5.75%|1.108GiB / 7.654GiB;|total = 4096.00M  used = 3598.62M  free = 497.38M  (encrypted)|{ 2.96 5.46 5.70 }
2026-07-11T16:37:00+05:00,34044,78.2,7.7,1296880,01:22:35,astravector-postgres-1|45.81%|1.694GiB / 7.654GiB;astravector-qdrant-1|5.66%|1.107GiB / 7.654GiB;|total = 4096.00M  used = 3598.62M  free = 497.38M  (encrypted)|{ 3.04 5.39 5.67 }
2026-07-11T16:37:08+05:00,34044,91.4,7.7,1298736,01:22:42,astravector-postgres-1|117.95%|1.695GiB / 7.654GiB;astravector-qdrant-1|10.29%|1.107GiB / 7.654GiB;|total = 4096.00M  used = 3598.62M  free = 497.38M  (encrypted)|{ 3.03 5.35 5.65 }
2026-07-11T16:37:14+05:00,34044,83.2,7.7,1292848,01:22:50,astravector-postgres-1|50.29%|1.694GiB / 7.654GiB;astravector-qdrant-1|4.58%|1.108GiB / 7.654GiB;|total = 4096.00M  used = 3598.62M  free = 497.38M  (encrypted)|{ 2.87 5.24 5.61 }
2026-07-11T16:37:22+05:00,34044,63.0,7.7,1295360,01:22:56,astravector-postgres-1|47.34%|1.694GiB / 7.654GiB;astravector-qdrant-1|4.29%|1.106GiB / 7.654GiB;|total = 4096.00M  used = 3598.62M  free = 497.38M  (encrypted)|{ 2.72 5.17 5.58 }
2026-07-11T16:37:29+05:00,34044,70.9,7.7,1296576,01:23:04,astravector-postgres-1|47.29%|1.694GiB / 7.654GiB;astravector-qdrant-1|4.59%|1.107GiB / 7.654GiB;|total = 4096.00M  used = 3598.62M  free = 497.38M  (encrypted)|{ 2.92 5.13 5.56 }
2026-07-11T16:37:37+05:00,34044,96.5,7.7,1297168,01:23:11,astravector-postgres-1|44.11%|1.695GiB / 7.654GiB;astravector-qdrant-1|5.93%|1.107GiB / 7.654GiB;|total = 4096.00M  used = 3598.62M  free = 497.38M  (encrypted)|{ 3.17 5.15 5.57 }
2026-07-11T16:37:44+05:00,34044,86.1,7.7,1298448,01:23:19,astravector-postgres-1|50.30%|1.703GiB / 7.654GiB;astravector-qdrant-1|4.84%|1.109GiB / 7.654GiB;|total = 4096.00M  used = 3598.62M  free = 497.38M  (encrypted)|{ 3.45 5.14 5.56 }
2026-07-11T16:37:52+05:00,34044,54.9,7.7,1297984,01:23:26,astravector-postgres-1|46.57%|1.695GiB / 7.654GiB;astravector-qdrant-1|4.87%|1.107GiB / 7.654GiB;|total = 4096.00M  used = 3598.62M  free = 497.38M  (encrypted)|{ 3.73 5.17 5.57 }
2026-07-11T16:37:59+05:00,34044,87.6,7.7,1299984,01:23:34,astravector-postgres-1|50.69%|1.695GiB / 7.654GiB;astravector-qdrant-1|4.67%|1.108GiB / 7.654GiB;|total = 4096.00M  used = 3598.62M  free = 497.38M  (encrypted)|{ 4.48 5.28 5.60 }
2026-07-11T16:38:07+05:00,34044,73.6,7.7,1293184,01:23:41,astravector-postgres-1|81.60%|1.702GiB / 7.654GiB;astravector-qdrant-1|5.60%|1.11GiB / 7.654GiB;|total = 4096.00M  used = 3598.62M  free = 497.38M  (encrypted)|{ 4.60 5.29 5.60 }
2026-07-11T16:38:14+05:00,34044,65.6,7.7,1294896,01:23:49,astravector-postgres-1|49.15%|1.702GiB / 7.654GiB;astravector-qdrant-1|4.32%|1.11GiB / 7.654GiB;|total = 4096.00M  used = 3598.62M  free = 497.38M  (encrypted)|{ 4.66 5.28 5.60 }
2026-07-11T16:38:21+05:00,34044,48.6,7.7,1284800,01:23:56,astravector-postgres-1|55.38%|1.709GiB / 7.654GiB;astravector-qdrant-1|4.55%|1.108GiB / 7.654GiB;|total = 4096.00M  used = 3566.62M  free = 529.38M  (encrypted)|{ 4.52 5.25 5.58 }
2026-07-11T16:38:28+05:00,34044,56.0,7.7,1289632,01:24:03,astravector-postgres-1|46.36%|1.707GiB / 7.654GiB;astravector-qdrant-1|5.93%|1.107GiB / 7.654GiB;|total = 4096.00M  used = 3566.62M  free = 529.38M  (encrypted)|{ 4.40 5.21 5.57 }
2026-07-11T16:38:35+05:00,34044,84.4,7.7,1295200,01:24:10,astravector-postgres-1|46.76%|1.706GiB / 7.654GiB;astravector-qdrant-1|4.66%|1.108GiB / 7.654GiB;|total = 4096.00M  used = 3566.62M  free = 529.38M  (encrypted)|{ 3.96 5.08 5.52 }
2026-07-11T16:38:43+05:00,34044,50.1,7.7,1296448,01:24:17,astravector-postgres-1|47.51%|1.707GiB / 7.654GiB;astravector-qdrant-1|5.99%|1.11GiB / 7.654GiB;|total = 4096.00M  used = 3558.62M  free = 537.38M  (encrypted)|{ 3.96 5.07 5.51 }
2026-07-11T16:38:50+05:00,34044,74.0,7.7,1297008,01:24:25,astravector-postgres-1|45.93%|1.707GiB / 7.654GiB;astravector-qdrant-1|6.04%|1.109GiB / 7.654GiB;|total = 4096.00M  used = 3550.62M  free = 545.38M  (encrypted)|{ 4.03 5.05 5.50 }
2026-07-11T16:38:58+05:00,34044,82.2,7.7,1296656,01:24:32,astravector-postgres-1|46.69%|1.707GiB / 7.654GiB;astravector-qdrant-1|5.77%|1.108GiB / 7.654GiB;|total = 4096.00M  used = 3534.62M  free = 561.38M  (encrypted)|{ 3.95 5.01 5.48 }
2026-07-11T16:39:05+05:00,34044,103.8,7.7,1297152,01:24:40,astravector-postgres-1|46.67%|1.707GiB / 7.654GiB;astravector-qdrant-1|4.84%|1.108GiB / 7.654GiB;|total = 4096.00M  used = 3534.62M  free = 561.38M  (encrypted)|{ 3.87 4.96 5.46 }
2026-07-11T16:39:12+05:00,34044,96.7,7.7,1296672,01:24:47,astravector-postgres-1|44.14%|1.707GiB / 7.654GiB;astravector-qdrant-1|6.04%|1.109GiB / 7.654GiB;|total = 4096.00M  used = 3534.62M  free = 561.38M  (encrypted)|{ 4.36 5.05 5.48 }
2026-07-11T16:39:19+05:00,34044,68.7,7.7,1298464,01:24:54,astravector-postgres-1|46.87%|1.707GiB / 7.654GiB;astravector-qdrant-1|4.96%|1.11GiB / 7.654GiB;|total = 4096.00M  used = 3534.62M  free = 561.38M  (encrypted)|{ 4.51 5.06 5.48 }
2026-07-11T16:39:27+05:00,34044,94.8,7.7,1298640,01:25:01,astravector-postgres-1|46.84%|1.706GiB / 7.654GiB;astravector-qdrant-1|5.65%|1.111GiB / 7.654GiB;|total = 4096.00M  used = 3534.62M  free = 561.38M  (encrypted)|{ 4.39 5.02 5.47 }
2026-07-11T16:39:34+05:00,34044,83.0,7.7,1299440,01:25:09,astravector-postgres-1|45.49%|1.707GiB / 7.654GiB;astravector-qdrant-1|4.67%|1.11GiB / 7.654GiB;|total = 4096.00M  used = 3534.62M  free = 561.38M  (encrypted)|{ 4.02 4.92 5.43 }
2026-07-11T16:39:42+05:00,34044,46.3,7.7,1290080,01:25:16,astravector-postgres-1|48.87%|1.707GiB / 7.654GiB;astravector-qdrant-1|5.49%|1.108GiB / 7.654GiB;|total = 4096.00M  used = 3534.62M  free = 561.38M  (encrypted)|{ 3.86 4.88 5.41 }
2026-07-11T16:39:48+05:00,34044,82.9,7.7,1293776,01:25:24,astravector-postgres-1|46.19%|1.707GiB / 7.654GiB;astravector-qdrant-1|5.43%|1.107GiB / 7.654GiB;|total = 4096.00M  used = 3534.62M  free = 561.38M  (encrypted)|{ 3.71 4.83 5.39 }
2026-07-11T16:39:56+05:00,34044,91.0,7.7,1294416,01:25:30,astravector-postgres-1|44.78%|1.707GiB / 7.654GiB;astravector-qdrant-1|5.08%|1.11GiB / 7.654GiB;|total = 4096.00M  used = 3534.62M  free = 561.38M  (encrypted)|{ 3.36 4.72 5.34 }
2026-07-11T16:40:02+05:00,34044,93.7,7.7,1295440,01:25:38,astravector-postgres-1|47.69%|1.707GiB / 7.654GiB;astravector-qdrant-1|5.46%|1.109GiB / 7.654GiB;|total = 4096.00M  used = 3534.62M  free = 561.38M  (encrypted)|{ 3.17 4.66 5.32 }
2026-07-11T16:40:10+05:00,34044,64.9,7.7,1295696,01:25:44,astravector-postgres-1|45.42%|1.706GiB / 7.654GiB;astravector-qdrant-1|6.12%|1.108GiB / 7.654GiB;|total = 4096.00M  used = 3534.62M  free = 561.38M  (encrypted)|{ 2.92 4.55 5.27 }
2026-07-11T16:40:17+05:00,34044,72.7,7.7,1296624,01:25:52,astravector-postgres-1|48.56%|1.707GiB / 7.654GiB;astravector-qdrant-1|5.10%|1.107GiB / 7.654GiB;|total = 4096.00M  used = 3534.62M  free = 561.38M  (encrypted)|{ 2.85 4.51 5.25 }
2026-07-11T16:40:23+05:00,34044,83.1,7.7,1297360,01:25:59,astravector-postgres-1|45.98%|1.706GiB / 7.654GiB;astravector-qdrant-1|5.43%|1.109GiB / 7.654GiB;|total = 4096.00M  used = 3534.62M  free = 561.38M  (encrypted)|{ 2.78 4.47 5.23 }
2026-07-11T16:40:31+05:00,34044,52.6,7.7,1297248,01:26:05,astravector-postgres-1|47.44%|1.707GiB / 7.654GiB;astravector-qdrant-1|5.75%|1.108GiB / 7.654GiB;|total = 4096.00M  used = 3534.62M  free = 561.38M  (encrypted)|{ 2.50 4.35 5.18 }
2026-07-11T16:40:38+05:00,34044,57.0,7.7,1297552,01:26:13,astravector-postgres-1|47.09%|1.706GiB / 7.654GiB;astravector-qdrant-1|5.44%|1.106GiB / 7.654GiB;|total = 4096.00M  used = 3534.62M  free = 561.38M  (encrypted)|{ 2.38 4.30 5.16 }
2026-07-11T16:40:45+05:00,34044,88.2,7.7,1298080,01:26:20,astravector-postgres-1|48.44%|1.706GiB / 7.654GiB;astravector-qdrant-1|5.23%|1.104GiB / 7.654GiB;|total = 4096.00M  used = 3534.62M  free = 561.38M  (encrypted)|{ 2.17 4.19 5.11 }
2026-07-11T16:40:53+05:00,34044,49.9,7.7,1298160,01:26:27,astravector-postgres-1|46.48%|1.707GiB / 7.654GiB;astravector-qdrant-1|5.06%|1.105GiB / 7.654GiB;|total = 4096.00M  used = 3534.62M  free = 561.38M  (encrypted)|{ 2.24 4.17 5.10 }
2026-07-11T16:41:00+05:00,34044,74.4,7.7,1299104,01:26:35,astravector-postgres-1|46.80%|1.707GiB / 7.654GiB;astravector-qdrant-1|5.39%|1.105GiB / 7.654GiB;|total = 4096.00M  used = 3534.62M  free = 561.38M  (encrypted)|{ 2.65 4.19 5.09 }
2026-07-11T16:41:08+05:00,34044,87.0,7.7,1299376,01:26:42,astravector-postgres-1|46.57%|1.707GiB / 7.654GiB;astravector-qdrant-1|5.78%|1.104GiB / 7.654GiB;|total = 4096.00M  used = 3534.62M  free = 561.38M  (encrypted)|{ 2.76 4.19 5.09 }
2026-07-11T16:41:15+05:00,34044,91.4,7.7,1299232,01:26:50,astravector-postgres-1|47.05%|1.707GiB / 7.654GiB;astravector-qdrant-1|4.48%|1.107GiB / 7.654GiB;|total = 4096.00M  used = 3534.62M  free = 561.38M  (encrypted)|{ 3.01 4.20 5.08 }
2026-07-11T16:41:23+05:00,34044,66.5,7.7,1298992,01:26:57,astravector-postgres-1|48.69%|1.707GiB / 7.654GiB;astravector-qdrant-1|5.29%|1.106GiB / 7.654GiB;|total = 4096.00M  used = 3534.62M  free = 561.38M  (encrypted)|{ 3.09 4.20 5.07 }
2026-07-11T16:41:30+05:00,34044,69.3,7.7,1299616,01:27:05,astravector-postgres-1|45.90%|1.707GiB / 7.654GiB;astravector-qdrant-1|5.33%|1.105GiB / 7.654GiB;|total = 4096.00M  used = 3534.62M  free = 561.38M  (encrypted)|{ 3.53 4.25 5.08 }
2026-07-11T16:41:38+05:00,34044,94.5,7.7,1299696,01:27:12,astravector-postgres-1|47.27%|1.706GiB / 7.654GiB;astravector-qdrant-1|5.51%|1.103GiB / 7.654GiB;|total = 4096.00M  used = 3534.62M  free = 561.38M  (encrypted)|{ 3.40 4.22 5.06 }
2026-07-11T16:41:45+05:00,34044,90.6,7.7,1299776,01:27:20,astravector-postgres-1|46.83%|1.707GiB / 7.654GiB;astravector-qdrant-1|4.56%|1.106GiB / 7.654GiB;|total = 4096.00M  used = 3534.62M  free = 561.38M  (encrypted)|{ 3.78 4.27 5.07 }
2026-07-11T16:41:53+05:00,34044,46.1,7.7,1299808,01:27:27,astravector-postgres-1|49.88%|1.707GiB / 7.654GiB;astravector-qdrant-1|5.20%|1.108GiB / 7.654GiB;|total = 4096.00M  used = 3534.62M  free = 561.38M  (encrypted)|{ 4.12 4.34 5.09 }
2026-07-11T16:42:00+05:00,34044,79.1,7.7,1299872,01:27:35,astravector-postgres-1|45.28%|1.707GiB / 7.654GiB;astravector-qdrant-1|4.82%|1.107GiB / 7.654GiB;|total = 4096.00M  used = 3534.62M  free = 561.38M  (encrypted)|{ 4.10 4.32 5.08 }
2026-07-11T16:42:08+05:00,34044,86.1,7.7,1299872,01:27:42,astravector-postgres-1|47.36%|1.707GiB / 7.654GiB;astravector-qdrant-1|4.83%|1.104GiB / 7.654GiB;|total = 4096.00M  used = 3534.62M  free = 561.38M  (encrypted)|{ 4.01 4.30 5.07 }
2026-07-11T16:42:15+05:00,34044,96.9,7.8,1300480,01:27:50,astravector-postgres-1|89.51%|1.706GiB / 7.654GiB;astravector-qdrant-1|2.92%|1.108GiB / 7.654GiB;|total = 4096.00M  used = 3534.62M  free = 561.38M  (encrypted)|{ 4.11 4.31 5.06 }
2026-07-11T16:42:23+05:00,34044,82.1,7.7,1289040,01:27:57,astravector-postgres-1|48.70%|1.707GiB / 7.654GiB;astravector-qdrant-1|5.48%|1.106GiB / 7.654GiB;|total = 4096.00M  used = 3534.62M  free = 561.38M  (encrypted)|{ 4.10 4.30 5.05 }
2026-07-11T16:42:31+05:00,34044,45.3,7.7,1292384,01:28:05,astravector-postgres-1|47.25%|1.707GiB / 7.654GiB;astravector-qdrant-1|5.31%|1.105GiB / 7.654GiB;|total = 4096.00M  used = 3534.62M  free = 561.38M  (encrypted)|{ 4.00 4.28 5.03 }
2026-07-11T16:42:38+05:00,34044,69.8,7.7,1294032,01:28:13,astravector-postgres-1|46.28%|1.706GiB / 7.654GiB;astravector-qdrant-1|4.90%|1.103GiB / 7.654GiB;|total = 4096.00M  used = 3534.62M  free = 561.38M  (encrypted)|{ 3.76 4.22 5.01 }
2026-07-11T16:42:45+05:00,34044,87.2,7.7,1295696,01:28:20,astravector-postgres-1|49.00%|1.707GiB / 7.654GiB;astravector-qdrant-1|4.97%|1.107GiB / 7.654GiB;|total = 4096.00M  used = 3534.62M  free = 561.38M  (encrypted)|{ 4.36 4.33 5.04 }
2026-07-11T16:42:53+05:00,34044,87.5,7.7,1295296,01:28:27,astravector-postgres-1|47.56%|1.707GiB / 7.654GiB;astravector-qdrant-1|5.33%|1.106GiB / 7.654GiB;|total = 4096.00M  used = 3534.62M  free = 561.38M  (encrypted)|{ 4.25 4.31 5.03 }
2026-07-11T16:43:01+05:00,34044,60.2,7.7,1295872,01:28:35,astravector-postgres-1|46.25%|1.707GiB / 7.654GiB;astravector-qdrant-1|5.13%|1.106GiB / 7.654GiB;|total = 4096.00M  used = 3534.62M  free = 561.38M  (encrypted)|{ 4.29 4.31 5.02 }
2026-07-11T16:43:08+05:00,34044,71.9,7.7,1295328,01:28:43,astravector-postgres-1|48.30%|1.707GiB / 7.654GiB;astravector-qdrant-1|5.68%|1.105GiB / 7.654GiB;|total = 4096.00M  used = 3534.62M  free = 561.38M  (encrypted)|{ 4.03 4.26 5.00 }
2026-07-11T16:43:15+05:00,34044,77.5,7.7,1296192,01:28:50,astravector-postgres-1|47.99%|1.707GiB / 7.654GiB;astravector-qdrant-1|5.42%|1.107GiB / 7.654GiB;|total = 4096.00M  used = 3534.62M  free = 561.38M  (encrypted)|{ 3.72 4.18 4.96 }
2026-07-11T16:43:23+05:00,34044,88.4,7.7,1294000,01:28:57,astravector-postgres-1|47.60%|1.707GiB / 7.654GiB;astravector-qdrant-1|5.07%|1.106GiB / 7.654GiB;|total = 4096.00M  used = 3534.62M  free = 561.38M  (encrypted)|{ 3.58 4.15 4.94 }
2026-07-11T16:43:31+05:00,34044,51.7,7.7,1294768,01:29:05,astravector-postgres-1|49.59%|1.707GiB / 7.654GiB;astravector-qdrant-1|5.09%|1.108GiB / 7.654GiB;|total = 4096.00M  used = 3534.62M  free = 561.38M  (encrypted)|{ 3.26 4.06 4.90 }
2026-07-11T16:43:38+05:00,34044,85.6,7.7,1294528,01:29:13,astravector-postgres-1|46.43%|1.707GiB / 7.654GiB;astravector-qdrant-1|4.89%|1.104GiB / 7.654GiB;|total = 4096.00M  used = 3534.62M  free = 561.38M  (encrypted)|{ 3.16 4.02 4.88 }
2026-07-11T16:43:45+05:00,34044,73.4,7.7,1295120,01:29:20,astravector-postgres-1|46.34%|1.707GiB / 7.654GiB;astravector-qdrant-1|5.68%|1.105GiB / 7.654GiB;|total = 4096.00M  used = 3526.62M  free = 569.38M  (encrypted)|{ 2.75 3.91 4.83 }
2026-07-11T16:43:52+05:00,34044,162.7,7.6,1280448,01:29:27,astravector-postgres-1|94.07%|1.707GiB / 7.654GiB;astravector-qdrant-1|5.08%|1.106GiB / 7.654GiB;|total = 4096.00M  used = 3526.62M  free = 569.38M  (encrypted)|{ 3.17 3.98 4.85 }
2026-07-11T16:44:00+05:00,34044,39.0,7.7,1289648,01:29:34,astravector-postgres-1|98.02%|1.707GiB / 7.654GiB;astravector-qdrant-1|4.89%|1.107GiB / 7.654GiB;|total = 4096.00M  used = 3526.62M  free = 569.38M  (encrypted)|{ 3.32 3.99 4.85 }
2026-07-11T16:44:07+05:00,34044,48.5,7.7,1287248,01:29:42,astravector-postgres-1|45.21%|1.707GiB / 7.654GiB;astravector-qdrant-1|8.59%|1.108GiB / 7.654GiB;|total = 4096.00M  used = 3518.62M  free = 577.38M  (encrypted)|{ 3.20 3.94 4.82 }
2026-07-11T16:44:15+05:00,34044,59.2,7.6,1281088,01:29:49,astravector-postgres-1|130.64%|1.709GiB / 7.654GiB;astravector-qdrant-1|28.09%|1.108GiB / 7.654GiB;|total = 4096.00M  used = 3166.62M  free = 929.38M  (encrypted)|{ 3.17 3.91 4.80 }
2026-07-11T16:44:21+05:00,34044,40.3,7.6,1282064,01:29:57,astravector-postgres-1|93.19%|1.706GiB / 7.654GiB;astravector-qdrant-1|10.71%|1.107GiB / 7.654GiB;|total = 4096.00M  used = 3015.69M  free = 1080.31M  (encrypted)|{ 3.00 3.86 4.78 }
2026-07-11T16:44:28+05:00,34044,53.5,7.6,1270480,01:30:03,astravector-postgres-1|57.42%|1.707GiB / 7.654GiB;astravector-qdrant-1|5.12%|1.107GiB / 7.654GiB;|total = 4096.00M  used = 3015.69M  free = 1080.31M  (encrypted)|{ 2.92 3.83 4.76 }
2026-07-11T16:44:36+05:00,34044,83.6,7.7,1285024,01:30:10,astravector-postgres-1|44.55%|1.706GiB / 7.654GiB;astravector-qdrant-1|6.13%|1.107GiB / 7.654GiB;|total = 4096.00M  used = 3015.69M  free = 1080.31M  (encrypted)|{ 2.62 3.74 4.72 }
2026-07-11T16:44:42+05:00,34044,69.6,7.5,1260752,01:30:18,astravector-postgres-1|54.08%|1.707GiB / 7.654GiB;astravector-qdrant-1|6.31%|1.106GiB / 7.654GiB;|total = 4096.00M  used = 3015.69M  free = 1080.31M  (encrypted)|{ 2.57 3.71 4.70 }
2026-07-11T16:44:50+05:00,34044,98.0,7.7,1290592,01:30:24,astravector-postgres-1|47.28%|1.707GiB / 7.654GiB;astravector-qdrant-1|6.94%|1.106GiB / 7.654GiB;|total = 4096.00M  used = 3015.69M  free = 1080.31M  (encrypted)|{ 2.88 3.73 4.70 }
2026-07-11T16:44:57+05:00,34044,74.1,7.7,1295072,01:30:32,astravector-postgres-1|45.72%|1.707GiB / 7.654GiB;astravector-qdrant-1|4.10%|1.108GiB / 7.654GiB;|total = 4096.00M  used = 3015.69M  free = 1080.31M  (encrypted)|{ 3.13 3.77 4.71 }
2026-07-11T16:45:04+05:00,34044,79.0,7.7,1298208,01:30:39,astravector-postgres-1|44.79%|1.707GiB / 7.654GiB;astravector-qdrant-1|4.71%|1.107GiB / 7.654GiB;|total = 4096.00M  used = 3015.69M  free = 1080.31M  (encrypted)|{ 3.28 3.79 4.71 }
2026-07-11T16:45:12+05:00,34044,83.1,7.7,1299008,01:30:46,astravector-postgres-1|45.24%|1.707GiB / 7.654GiB;astravector-qdrant-1|5.32%|1.107GiB / 7.654GiB;|total = 4096.00M  used = 3015.69M  free = 1080.31M  (encrypted)|{ 3.53 3.83 4.71 }
2026-07-11T16:45:19+05:00,34044,46.1,7.7,1298336,01:30:54,astravector-postgres-1|46.74%|1.707GiB / 7.654GiB;astravector-qdrant-1|6.24%|1.106GiB / 7.654GiB;|total = 4096.00M  used = 3015.69M  free = 1080.31M  (encrypted)|{ 3.41 3.80 4.70 }
2026-07-11T16:45:26+05:00,34044,66.7,7.7,1298576,01:31:01,astravector-postgres-1|47.22%|1.707GiB / 7.654GiB;astravector-qdrant-1|3.80%|1.109GiB / 7.654GiB;|total = 4096.00M  used = 3015.69M  free = 1080.31M  (encrypted)|{ 3.27 3.76 4.67 }
2026-07-11T16:45:33+05:00,34044,99.9,7.7,1299616,01:31:08,astravector-postgres-1|46.74%|1.707GiB / 7.654GiB;astravector-qdrant-1|5.74%|1.109GiB / 7.654GiB;|total = 4096.00M  used = 3015.69M  free = 1080.31M  (encrypted)|{ 3.41 3.78 4.67 }
2026-07-11T16:45:41+05:00,34044,89.7,7.7,1299776,01:31:15,astravector-postgres-1|46.88%|1.707GiB / 7.654GiB;astravector-qdrant-1|6.18%|1.106GiB / 7.654GiB;|total = 4096.00M  used = 3015.69M  free = 1080.31M  (encrypted)|{ 3.26 3.73 4.65 }
2026-07-11T16:45:48+05:00,34044,52.4,7.7,1296992,01:31:23,astravector-postgres-1|47.38%|1.707GiB / 7.654GiB;astravector-qdrant-1|5.26%|1.106GiB / 7.654GiB;|total = 4096.00M  used = 3015.69M  free = 1080.31M  (encrypted)|{ 3.56 3.79 4.66 }
2026-07-11T16:45:55+05:00,34044,75.0,7.7,1298144,01:31:30,astravector-postgres-1|48.63%|1.707GiB / 7.654GiB;astravector-qdrant-1|3.95%|1.106GiB / 7.654GiB;|total = 4096.00M  used = 3015.69M  free = 1080.31M  (encrypted)|{ 3.71 3.81 4.66 }
2026-07-11T16:46:03+05:00,34044,79.7,7.7,1297584,01:31:37,astravector-postgres-1|48.16%|1.707GiB / 7.654GiB;astravector-qdrant-1|5.24%|1.11GiB / 7.654GiB;|total = 4096.00M  used = 3015.69M  free = 1080.31M  (encrypted)|{ 3.49 3.77 4.64 }
2026-07-11T16:46:10+05:00,34044,48.4,7.7,1287888,01:31:45,astravector-postgres-1|52.32%|1.715GiB / 7.654GiB;astravector-qdrant-1|5.41%|1.108GiB / 7.654GiB;|total = 4096.00M  used = 3015.69M  free = 1080.31M  (encrypted)|{ 3.37 3.74 4.62 }
2026-07-11T16:46:17+05:00,34044,85.6,7.4,1249296,01:31:52,astravector-postgres-1|46.92%|1.707GiB / 7.654GiB;astravector-qdrant-1|5.15%|1.104GiB / 7.654GiB;|total = 4096.00M  used = 3367.62M  free = 728.38M  (encrypted)|{ 3.24 3.69 4.59 }
2026-07-11T16:46:25+05:00,34044,76.5,7.7,1288928,01:31:59,astravector-postgres-1|43.35%|1.707GiB / 7.654GiB;astravector-qdrant-1|4.33%|1.107GiB / 7.654GiB;|total = 4096.00M  used = 3367.62M  free = 728.38M  (encrypted)|{ 3.38 3.72 4.60 }
2026-07-11T16:46:31+05:00,34044,72.6,7.7,1294912,01:32:07,astravector-postgres-1|46.98%|1.707GiB / 7.654GiB;astravector-qdrant-1|6.20%|1.106GiB / 7.654GiB;|total = 4096.00M  used = 3367.62M  free = 728.38M  (encrypted)|{ 3.18 3.66 4.57 }
2026-07-11T16:46:38+05:00,34044,93.4,7.7,1296896,01:32:13,astravector-postgres-1|45.39%|1.707GiB / 7.654GiB;astravector-qdrant-1|5.45%|1.108GiB / 7.654GiB;|total = 4096.00M  used = 3367.62M  free = 728.38M  (encrypted)|{ 3.08 3.63 4.55 }
2026-07-11T16:46:45+05:00,34044,63.3,7.7,1298800,01:32:20,astravector-postgres-1|51.99%|1.707GiB / 7.654GiB;astravector-qdrant-1|4.31%|1.11GiB / 7.654GiB;|total = 4096.00M  used = 3367.62M  free = 728.38M  (encrypted)|{ 3.00 3.59 4.53 }
2026-07-11T16:46:53+05:00,34044,89.9,7.7,1298720,01:32:27,astravector-postgres-1|46.88%|1.707GiB / 7.654GiB;astravector-qdrant-1|4.60%|1.108GiB / 7.654GiB;|total = 4096.00M  used = 3367.62M  free = 728.38M  (encrypted)|{ 2.83 3.55 4.50 }
2026-07-11T16:47:01+05:00,34044,50.3,7.7,1298480,01:32:35,astravector-postgres-1|48.15%|1.707GiB / 7.654GiB;astravector-qdrant-1|5.63%|1.107GiB / 7.654GiB;|total = 4096.00M  used = 3367.62M  free = 728.38M  (encrypted)|{ 2.63 3.48 4.47 }
2026-07-11T16:47:08+05:00,34044,70.7,7.7,1297088,01:32:43,astravector-postgres-1|48.59%|1.712GiB / 7.654GiB;astravector-qdrant-1|4.61%|1.107GiB / 7.654GiB;|total = 4096.00M  used = 3367.62M  free = 728.38M  (encrypted)|{ 2.66 3.47 4.46 }
2026-07-11T16:47:15+05:00,34044,47.5,7.7,1297648,01:32:50,astravector-postgres-1|45.61%|1.707GiB / 7.654GiB;astravector-qdrant-1|3.90%|1.107GiB / 7.654GiB;|total = 4096.00M  used = 3367.62M  free = 728.38M  (encrypted)|{ 3.04 3.52 4.47 }
2026-07-11T16:47:23+05:00,34044,81.8,7.7,1297440,01:32:57,astravector-postgres-1|49.67%|1.646GiB / 7.654GiB;astravector-qdrant-1|4.69%|1.105GiB / 7.654GiB;|total = 4096.00M  used = 3367.62M  free = 728.38M  (encrypted)|{ 2.79 3.47 4.44 }
2026-07-11T16:47:31+05:00,34044,46.5,7.7,1297648,01:33:05,astravector-postgres-1|46.98%|1.654GiB / 7.654GiB;astravector-qdrant-1|5.12%|1.104GiB / 7.654GiB;|total = 4096.00M  used = 3367.62M  free = 728.38M  (encrypted)|{ 2.58 3.40 4.40 }
2026-07-11T16:47:38+05:00,34044,56.9,7.7,1297952,01:33:13,astravector-postgres-1|46.56%|1.646GiB / 7.654GiB;astravector-qdrant-1|5.03%|1.103GiB / 7.654GiB;|total = 4096.00M  used = 3367.62M  free = 728.38M  (encrypted)|{ 2.54 3.38 4.39 }
2026-07-11T16:47:45+05:00,34044,67.2,7.7,1298208,01:33:20,astravector-postgres-1|43.87%|1.646GiB / 7.654GiB;astravector-qdrant-1|5.12%|1.107GiB / 7.654GiB;|total = 4096.00M  used = 3367.62M  free = 728.38M  (encrypted)|{ 2.45 3.33 4.36 }
2026-07-11T16:47:53+05:00,34044,74.6,7.7,1296672,01:33:27,astravector-postgres-1|46.28%|1.646GiB / 7.654GiB;astravector-qdrant-1|5.21%|1.104GiB / 7.654GiB;|total = 4096.00M  used = 3367.62M  free = 728.38M  (encrypted)|{ 2.50 3.33 4.35 }
2026-07-11T16:48:01+05:00,34044,48.7,7.7,1296976,01:33:35,astravector-postgres-1|46.76%|1.65GiB / 7.654GiB;astravector-qdrant-1|4.66%|1.106GiB / 7.654GiB;|total = 4096.00M  used = 3367.62M  free = 728.38M  (encrypted)|{ 2.95 3.40 4.37 }
2026-07-11T16:48:08+05:00,34044,48.6,7.7,1289904,01:33:43,astravector-postgres-1|45.63%|1.654GiB / 7.654GiB;astravector-qdrant-1|5.06%|1.104GiB / 7.654GiB;|total = 4096.00M  used = 3367.62M  free = 728.38M  (encrypted)|{ 3.11 3.42 4.37 }
2026-07-11T16:48:15+05:00,34044,40.9,7.6,1283168,01:33:50,astravector-postgres-1|60.68%|1.654GiB / 7.654GiB;astravector-qdrant-1|7.63%|1.105GiB / 7.654GiB;|total = 4096.00M  used = 3367.62M  free = 728.38M  (encrypted)|{ 3.26 3.45 4.37 }
2026-07-11T16:48:22+05:00,34044,69.7,7.7,1293712,01:33:57,astravector-postgres-1|48.93%|1.646GiB / 7.654GiB;astravector-qdrant-1|4.42%|1.104GiB / 7.654GiB;|total = 4096.00M  used = 3367.62M  free = 728.38M  (encrypted)|{ 3.24 3.43 4.36 }
2026-07-11T16:48:30+05:00,34044,69.4,7.7,1293120,01:34:04,astravector-postgres-1|47.19%|1.646GiB / 7.654GiB;astravector-qdrant-1|5.10%|1.104GiB / 7.654GiB;|total = 4096.00M  used = 3367.62M  free = 728.38M  (encrypted)|{ 3.46 3.48 4.37 }
2026-07-11T16:48:37+05:00,34044,48.8,7.7,1292688,01:34:12,astravector-postgres-1|43.16%|1.654GiB / 7.654GiB;astravector-qdrant-1|5.45%|1.102GiB / 7.654GiB;|total = 4096.00M  used = 3367.62M  free = 728.38M  (encrypted)|{ 3.63 3.51 4.37 }
2026-07-11T16:48:45+05:00,34044,92.9,7.6,1278784,01:34:19,astravector-postgres-1|48.99%|1.646GiB / 7.654GiB;astravector-qdrant-1|5.63%|1.105GiB / 7.654GiB;|total = 4096.00M  used = 3367.62M  free = 728.38M  (encrypted)|{ 3.74 3.53 4.37 }
2026-07-11T16:48:52+05:00,34044,72.5,7.7,1291504,01:34:27,astravector-postgres-1|45.91%|1.646GiB / 7.654GiB;astravector-qdrant-1|4.96%|1.104GiB / 7.654GiB;|total = 4096.00M  used = 3367.62M  free = 728.38M  (encrypted)|{ 4.02 3.60 4.38 }
2026-07-11T16:48:59+05:00,34044,90.1,7.7,1295008,01:34:34,astravector-postgres-1|46.60%|1.646GiB / 7.654GiB;astravector-qdrant-1|5.06%|1.104GiB / 7.654GiB;|total = 4096.00M  used = 3367.62M  free = 728.38M  (encrypted)|{ 3.94 3.59 4.38 }
2026-07-11T16:49:06+05:00,34044,66.4,7.7,1294832,01:34:41,astravector-postgres-1|42.75%|1.654GiB / 7.654GiB;astravector-qdrant-1|4.75%|1.107GiB / 7.654GiB;|total = 4096.00M  used = 3367.62M  free = 728.38M  (encrypted)|{ 3.72 3.55 4.35 }
2026-07-11T16:49:13+05:00,34044,51.1,7.7,1295376,01:34:48,astravector-postgres-1|44.92%|1.646GiB / 7.654GiB;astravector-qdrant-1|4.96%|1.106GiB / 7.654GiB;|total = 4096.00M  used = 3367.62M  free = 728.38M  (encrypted)|{ 3.74 3.56 4.35 }
2026-07-11T16:49:21+05:00,34044,81.8,7.7,1296256,01:34:56,astravector-postgres-1|47.27%|1.646GiB / 7.654GiB;astravector-qdrant-1|4.60%|1.105GiB / 7.654GiB;|total = 4096.00M  used = 3367.62M  free = 728.38M  (encrypted)|{ 3.56 3.52 4.33 }
2026-07-11T16:49:28+05:00,34044,44.4,7.7,1296928,01:35:03,astravector-postgres-1|47.68%|1.649GiB / 7.654GiB;astravector-qdrant-1|4.98%|1.106GiB / 7.654GiB;|total = 4096.00M  used = 3367.62M  free = 728.38M  (encrypted)|{ 3.67 3.55 4.33 }
2026-07-11T16:49:36+05:00,34044,44.3,7.7,1297680,01:35:10,astravector-postgres-1|46.88%|1.646GiB / 7.654GiB;astravector-qdrant-1|5.24%|1.107GiB / 7.654GiB;|total = 4096.00M  used = 3367.62M  free = 728.38M  (encrypted)|{ 3.95 3.61 4.35 }
2026-07-11T16:49:43+05:00,34044,78.0,7.7,1297968,01:35:18,astravector-postgres-1|47.63%|1.646GiB / 7.654GiB;astravector-qdrant-1|5.45%|1.108GiB / 7.654GiB;|total = 4096.00M  used = 3367.62M  free = 728.38M  (encrypted)|{ 4.11 3.65 4.35 }
2026-07-11T16:49:50+05:00,34044,56.0,7.7,1294896,01:35:25,astravector-postgres-1|46.68%|1.646GiB / 7.654GiB;astravector-qdrant-1|4.18%|1.107GiB / 7.654GiB;|total = 4096.00M  used = 3367.62M  free = 728.38M  (encrypted)|{ 4.42 3.72 4.38 }
2026-07-11T16:49:57+05:00,34044,44.9,7.7,1297008,01:35:32,astravector-postgres-1|43.63%|1.648GiB / 7.654GiB;astravector-qdrant-1|3.80%|1.106GiB / 7.654GiB;|total = 4096.00M  used = 3367.62M  free = 728.38M  (encrypted)|{ 4.57 3.78 4.39 }
2026-07-11T16:50:05+05:00,34044,64.0,7.7,1297312,01:35:39,astravector-postgres-1|42.72%|1.646GiB / 7.654GiB;astravector-qdrant-1|4.64%|1.108GiB / 7.654GiB;|total = 4096.00M  used = 3367.62M  free = 728.38M  (encrypted)|{ 4.85 3.85 4.41 }
2026-07-11T16:50:12+05:00,34044,73.2,7.7,1296624,01:35:47,astravector-postgres-1|46.09%|1.646GiB / 7.654GiB;astravector-qdrant-1|4.47%|1.108GiB / 7.654GiB;|total = 4096.00M  used = 3367.62M  free = 728.38M  (encrypted)|{ 4.49 3.81 4.39 }
2026-07-11T16:50:20+05:00,34044,90.6,7.7,1296672,01:35:54,astravector-postgres-1|48.22%|1.649GiB / 7.654GiB;astravector-qdrant-1|5.22%|1.106GiB / 7.654GiB;|total = 4096.00M  used = 3367.62M  free = 728.38M  (encrypted)|{ 4.29 3.78 4.37 }
2026-07-11T16:50:27+05:00,34044,60.8,7.7,1295696,01:36:02,astravector-postgres-1|45.00%|1.646GiB / 7.654GiB;astravector-qdrant-1|4.51%|1.105GiB / 7.654GiB;|total = 4096.00M  used = 3367.62M  free = 728.38M  (encrypted)|{ 3.86 3.70 4.34 }
2026-07-11T16:50:35+05:00,34044,59.5,7.7,1296624,01:36:09,astravector-postgres-1|46.22%|1.646GiB / 7.654GiB;astravector-qdrant-1|7.74%|1.108GiB / 7.654GiB;|total = 4096.00M  used = 3367.62M  free = 728.38M  (encrypted)|{ 3.87 3.71 4.34 }
2026-07-11T16:50:42+05:00,34044,67.9,7.7,1297344,01:36:17,astravector-postgres-1|46.68%|1.646GiB / 7.654GiB;astravector-qdrant-1|4.85%|1.107GiB / 7.654GiB;|total = 4096.00M  used = 3367.62M  free = 728.38M  (encrypted)|{ 3.43 3.62 4.30 }
2026-07-11T16:50:50+05:00,34044,87.0,7.7,1294000,01:36:24,astravector-postgres-1|46.90%|1.647GiB / 7.654GiB;astravector-qdrant-1|5.16%|1.107GiB / 7.654GiB;|total = 4096.00M  used = 3367.62M  free = 728.38M  (encrypted)|{ 3.32 3.59 4.28 }
2026-07-11T16:50:57+05:00,34044,59.2,7.7,1295216,01:36:32,astravector-postgres-1|45.12%|1.647GiB / 7.654GiB;astravector-qdrant-1|5.73%|1.107GiB / 7.654GiB;|total = 4096.00M  used = 3367.62M  free = 728.38M  (encrypted)|{ 3.19 3.55 4.26 }
2026-07-11T16:51:05+05:00,34044,44.2,7.7,1295472,01:36:39,astravector-postgres-1|46.56%|1.647GiB / 7.654GiB;astravector-qdrant-1|5.32%|1.109GiB / 7.654GiB;|total = 4096.00M  used = 3367.62M  free = 728.38M  (encrypted)|{ 3.01 3.51 4.24 }
2026-07-11T16:51:12+05:00,34044,84.2,7.7,1296144,01:36:47,astravector-postgres-1|45.65%|1.646GiB / 7.654GiB;astravector-qdrant-1|5.11%|1.107GiB / 7.654GiB;|total = 4096.00M  used = 3367.62M  free = 728.38M  (encrypted)|{ 2.86 3.46 4.22 }
2026-07-11T16:51:20+05:00,34044,86.5,7.7,1295600,01:36:54,astravector-postgres-1|46.81%|1.655GiB / 7.654GiB;astravector-qdrant-1|4.57%|1.106GiB / 7.654GiB;|total = 4096.00M  used = 3367.62M  free = 728.38M  (encrypted)|{ 2.63 3.40 4.19 }
2026-07-11T16:51:27+05:00,34044,50.8,7.7,1293856,01:37:02,astravector-postgres-1|47.43%|1.646GiB / 7.654GiB;astravector-qdrant-1|5.26%|1.106GiB / 7.654GiB;|total = 4096.00M  used = 3367.62M  free = 728.38M  (encrypted)|{ 2.60 3.37 4.17 }
2026-07-11T16:51:34+05:00,34044,51.4,7.7,1295728,01:37:09,astravector-postgres-1|48.12%|1.646GiB / 7.654GiB;astravector-qdrant-1|5.17%|1.109GiB / 7.654GiB;|total = 4096.00M  used = 3367.62M  free = 728.38M  (encrypted)|{ 2.64 3.37 4.16 }
2026-07-11T16:51:41+05:00,34044,73.7,7.7,1296352,01:37:16,astravector-postgres-1|47.38%|1.647GiB / 7.654GiB;astravector-qdrant-1|4.61%|1.109GiB / 7.654GiB;|total = 4096.00M  used = 3367.62M  free = 728.38M  (encrypted)|{ 2.54 3.32 4.14 }
2026-07-11T16:51:48+05:00,34044,80.5,7.7,1295680,01:37:23,astravector-postgres-1|48.29%|1.646GiB / 7.654GiB;astravector-qdrant-1|5.13%|1.107GiB / 7.654GiB;|total = 4096.00M  used = 3367.62M  free = 728.38M  (encrypted)|{ 2.41 3.28 4.12 }
2026-07-11T16:51:56+05:00,34044,72.5,7.7,1296048,01:37:30,astravector-postgres-1|50.18%|1.646GiB / 7.654GiB;astravector-qdrant-1|4.53%|1.107GiB / 7.654GiB;|total = 4096.00M  used = 3367.62M  free = 728.38M  (encrypted)|{ 2.27 3.22 4.09 }
2026-07-11T16:52:03+05:00,34044,73.0,7.7,1296208,01:37:38,astravector-postgres-1|46.57%|1.646GiB / 7.654GiB;astravector-qdrant-1|4.55%|1.106GiB / 7.654GiB;|total = 4096.00M  used = 3367.62M  free = 728.38M  (encrypted)|{ 2.25 3.20 4.07 }
2026-07-11T16:52:11+05:00,34044,83.7,7.7,1296032,01:37:45,astravector-postgres-1|48.48%|1.646GiB / 7.654GiB;astravector-qdrant-1|4.96%|1.108GiB / 7.654GiB;|total = 4096.00M  used = 3367.62M  free = 728.38M  (encrypted)|{ 2.28 3.18 4.06 }
2026-07-11T16:52:18+05:00,34044,45.5,7.7,1295648,01:37:53,astravector-postgres-1|49.17%|1.646GiB / 7.654GiB;astravector-qdrant-1|5.15%|1.106GiB / 7.654GiB;|total = 4096.00M  used = 3367.62M  free = 728.38M  (encrypted)|{ 2.18 3.14 4.04 }
2026-07-11T16:52:26+05:00,34044,95.2,7.7,1295328,01:38:00,astravector-postgres-1|54.13%|1.646GiB / 7.654GiB;astravector-qdrant-1|5.77%|1.107GiB / 7.654GiB;|total = 4096.00M  used = 3367.62M  free = 728.38M  (encrypted)|{ 2.23 3.12 4.02 }
2026-07-11T16:52:33+05:00,34044,67.3,7.7,1294272,01:38:08,astravector-postgres-1|48.36%|1.646GiB / 7.654GiB;astravector-qdrant-1|5.29%|1.106GiB / 7.654GiB;|total = 4096.00M  used = 3367.62M  free = 728.38M  (encrypted)|{ 2.37 3.13 4.02 }
2026-07-11T16:52:40+05:00,34044,71.3,7.7,1290096,01:38:15,astravector-postgres-1|48.00%|1.646GiB / 7.654GiB;astravector-qdrant-1|5.29%|1.105GiB / 7.654GiB;|total = 4096.00M  used = 3367.62M  free = 728.38M  (encrypted)|{ 2.42 3.13 4.01 }
2026-07-11T16:52:47+05:00,34044,59.3,7.7,1290752,01:38:22,astravector-postgres-1|47.81%|1.646GiB / 7.654GiB;astravector-qdrant-1|4.61%|1.105GiB / 7.654GiB;|total = 4096.00M  used = 3367.62M  free = 728.38M  (encrypted)|{ 2.35 3.09 3.99 }
2026-07-11T16:52:55+05:00,34044,59.0,7.7,1289648,01:38:29,astravector-postgres-1|50.06%|1.647GiB / 7.654GiB;astravector-qdrant-1|6.01%|1.106GiB / 7.654GiB;|total = 4096.00M  used = 3367.62M  free = 728.38M  (encrypted)|{ 2.32 3.08 3.98 }
2026-07-11T16:53:02+05:00,34044,68.2,7.7,1290768,01:38:37,astravector-postgres-1|49.32%|1.647GiB / 7.654GiB;astravector-qdrant-1|4.80%|1.106GiB / 7.654GiB;|total = 4096.00M  used = 3367.62M  free = 728.38M  (encrypted)|{ 2.34 3.06 3.96 }
2026-07-11T16:53:10+05:00,34044,94.2,7.7,1292768,01:38:44,astravector-postgres-1|52.23%|1.482GiB / 7.654GiB;astravector-qdrant-1|4.42%|1.104GiB / 7.654GiB;|total = 4096.00M  used = 3367.62M  free = 728.38M  (encrypted)|{ 2.23 3.02 3.94 }
2026-07-11T16:53:17+05:00,34044,83.5,7.7,1294928,01:38:52,astravector-postgres-1|50.42%|1.482GiB / 7.654GiB;astravector-qdrant-1|4.68%|1.105GiB / 7.654GiB;|total = 4096.00M  used = 3367.62M  free = 728.38M  (encrypted)|{ 2.12 2.97 3.91 }
2026-07-11T16:53:25+05:00,34044,49.6,7.7,1286528,01:38:59,astravector-postgres-1|52.51%|1.482GiB / 7.654GiB;astravector-qdrant-1|5.90%|1.106GiB / 7.654GiB;|total = 4096.00M  used = 3359.62M  free = 736.38M  (encrypted)|{ 2.35 3.00 3.92 }
2026-07-11T16:53:32+05:00,34044,66.3,7.7,1290208,01:39:07,astravector-postgres-1|52.18%|1.482GiB / 7.654GiB;astravector-qdrant-1|5.67%|1.107GiB / 7.654GiB;|total = 4096.00M  used = 3359.62M  free = 736.38M  (encrypted)|{ 3.22 3.17 3.97 }
2026-07-11T16:53:40+05:00,34044,84.9,7.7,1292560,01:39:14,astravector-postgres-1|46.32%|1.482GiB / 7.654GiB;astravector-qdrant-1|5.51%|1.108GiB / 7.654GiB;|total = 4096.00M  used = 3359.62M  free = 736.38M  (encrypted)|{ 3.36 3.20 3.97 }
2026-07-11T16:53:47+05:00,34044,96.1,7.7,1290816,01:39:22,astravector-postgres-1|47.52%|1.482GiB / 7.654GiB;astravector-qdrant-1|5.29%|1.106GiB / 7.654GiB;|total = 4096.00M  used = 3359.62M  free = 736.38M  (encrypted)|{ 3.45 3.22 3.97 }
2026-07-11T16:53:55+05:00,34044,90.3,7.7,1292128,01:39:29,astravector-postgres-1|47.92%|1.482GiB / 7.654GiB;astravector-qdrant-1|5.39%|1.107GiB / 7.654GiB;|total = 4096.00M  used = 3359.62M  free = 736.38M  (encrypted)|{ 3.41 3.22 3.97 }
2026-07-11T16:54:02+05:00,34044,53.3,7.7,1288832,01:39:37,astravector-postgres-1|47.98%|1.482GiB / 7.654GiB;astravector-qdrant-1|4.91%|1.106GiB / 7.654GiB;|total = 4096.00M  used = 3359.62M  free = 736.38M  (encrypted)|{ 3.64 3.28 3.98 }
2026-07-11T16:54:10+05:00,34044,82.0,7.7,1290048,01:39:44,astravector-postgres-1|44.52%|1.482GiB / 7.654GiB;astravector-qdrant-1|5.57%|1.106GiB / 7.654GiB;|total = 4096.00M  used = 3359.62M  free = 736.38M  (encrypted)|{ 3.91 3.34 3.99 }
2026-07-11T16:54:17+05:00,34044,94.6,7.7,1291472,01:39:52,astravector-postgres-1|49.34%|1.482GiB / 7.654GiB;astravector-qdrant-1|4.82%|1.106GiB / 7.654GiB;|total = 4096.00M  used = 3359.62M  free = 736.38M  (encrypted)|{ 3.93 3.36 3.99 }
2026-07-11T16:54:25+05:00,34044,75.2,7.7,1293680,01:39:59,astravector-postgres-1|47.80%|1.486GiB / 7.654GiB;astravector-qdrant-1|5.46%|1.107GiB / 7.654GiB;|total = 4096.00M  used = 3359.62M  free = 736.38M  (encrypted)|{ 3.77 3.34 3.98 }
2026-07-11T16:54:32+05:00,34044,72.7,7.7,1294384,01:40:07,astravector-postgres-1|45.74%|1.482GiB / 7.654GiB;astravector-qdrant-1|5.39%|1.108GiB / 7.654GiB;|total = 4096.00M  used = 3359.62M  free = 736.38M  (encrypted)|{ 3.50 3.29 3.96 }
2026-07-11T16:54:40+05:00,34044,75.0,7.7,1294944,01:40:14,astravector-postgres-1|47.49%|1.482GiB / 7.654GiB;astravector-qdrant-1|4.74%|1.108GiB / 7.654GiB;|total = 4096.00M  used = 3359.62M  free = 736.38M  (encrypted)|{ 3.38 3.27 3.95 }
2026-07-11T16:54:47+05:00,34044,55.8,7.7,1292880,01:40:22,astravector-postgres-1|56.30%|1.482GiB / 7.654GiB;astravector-qdrant-1|6.56%|1.107GiB / 7.654GiB;|total = 4096.00M  used = 3351.62M  free = 744.38M  (encrypted)|{ 3.25 3.25 3.93 }
2026-07-11T16:54:55+05:00,34044,88.4,7.7,1291472,01:40:29,astravector-postgres-1|47.87%|1.482GiB / 7.654GiB;astravector-qdrant-1|4.61%|1.108GiB / 7.654GiB;|total = 4096.00M  used = 3351.62M  free = 744.38M  (encrypted)|{ 3.31 3.26 3.93 }
2026-07-11T16:55:02+05:00,34044,66.1,7.7,1292448,01:40:37,astravector-postgres-1|46.79%|1.482GiB / 7.654GiB;astravector-qdrant-1|6.63%|1.109GiB / 7.654GiB;|total = 4096.00M  used = 3351.62M  free = 744.38M  (encrypted)|{ 4.07 3.42 3.98 }
2026-07-11T16:55:09+05:00,34044,59.9,7.7,1291824,01:40:44,astravector-postgres-1|44.92%|1.482GiB / 7.654GiB;astravector-qdrant-1|4.79%|1.108GiB / 7.654GiB;|total = 4096.00M  used = 3351.62M  free = 744.38M  (encrypted)|{ 4.07 3.43 3.98 }
2026-07-11T16:55:16+05:00,34044,94.2,7.7,1291920,01:40:51,astravector-postgres-1|57.03%|1.482GiB / 7.654GiB;astravector-qdrant-1|6.29%|1.11GiB / 7.654GiB;|total = 4096.00M  used = 3351.62M  free = 744.38M  (encrypted)|{ 4.70 3.58 4.02 }
2026-07-11T16:55:24+05:00,34044,86.4,7.7,1295136,01:40:58,astravector-postgres-1|47.82%|1.485GiB / 7.654GiB;astravector-qdrant-1|4.70%|1.11GiB / 7.654GiB;|total = 4096.00M  used = 3351.62M  free = 744.38M  (encrypted)|{ 4.41 3.53 4.01 }
2026-07-11T16:55:31+05:00,34044,59.6,7.7,1296160,01:41:06,astravector-postgres-1|45.13%|1.482GiB / 7.654GiB;astravector-qdrant-1|4.62%|1.108GiB / 7.654GiB;|total = 4096.00M  used = 3351.62M  free = 744.38M  (encrypted)|{ 4.63 3.61 4.03 }
2026-07-11T16:55:38+05:00,34044,95.2,7.7,1296368,01:41:13,astravector-postgres-1|46.89%|1.482GiB / 7.654GiB;astravector-qdrant-1|5.21%|1.109GiB / 7.654GiB;|total = 4096.00M  used = 3351.62M  free = 744.38M  (encrypted)|{ 4.98 3.70 4.06 }
2026-07-11T16:55:46+05:00,34044,43.3,7.7,1296560,01:41:20,astravector-postgres-1|55.09%|1.482GiB / 7.654GiB;astravector-qdrant-1|5.48%|1.109GiB / 7.654GiB;|total = 4096.00M  used = 3351.62M  free = 744.38M  (encrypted)|{ 4.60 3.66 4.04 }
2026-07-11T16:55:53+05:00,34044,47.0,7.7,1295072,01:41:28,astravector-postgres-1|45.46%|1.482GiB / 7.654GiB;astravector-qdrant-1|4.40%|1.109GiB / 7.654GiB;|total = 4096.00M  used = 3351.62M  free = 744.38M  (encrypted)|{ 4.32 3.62 4.02 }
2026-07-11T16:56:01+05:00,34044,76.2,7.7,1295680,01:41:35,astravector-postgres-1|45.64%|1.482GiB / 7.654GiB;astravector-qdrant-1|4.62%|1.107GiB / 7.654GiB;|total = 4096.00M  used = 3351.62M  free = 744.38M  (encrypted)|{ 4.05 3.58 4.00 }
2026-07-11T16:56:08+05:00,34044,88.9,7.7,1295712,01:41:43,astravector-postgres-1|49.66%|1.483GiB / 7.654GiB;astravector-qdrant-1|4.77%|1.107GiB / 7.654GiB;|total = 4096.00M  used = 3351.62M  free = 744.38M  (encrypted)|{ 3.96 3.57 4.00 }
2026-07-11T16:56:16+05:00,34044,77.9,7.7,1294000,01:41:50,astravector-postgres-1|47.24%|1.482GiB / 7.654GiB;astravector-qdrant-1|4.84%|1.108GiB / 7.654GiB;|total = 4096.00M  used = 3351.62M  free = 744.38M  (encrypted)|{ 3.74 3.54 3.98 }
2026-07-11T16:56:23+05:00,34044,45.2,7.7,1295760,01:41:58,astravector-postgres-1|48.69%|1.482GiB / 7.654GiB;astravector-qdrant-1|5.59%|1.109GiB / 7.654GiB;|total = 4096.00M  used = 3351.62M  free = 744.38M  (encrypted)|{ 3.52 3.49 3.96 }
2026-07-11T16:56:31+05:00,34044,81.2,7.7,1296912,01:42:05,astravector-postgres-1|46.69%|1.482GiB / 7.654GiB;astravector-qdrant-1|6.12%|1.108GiB / 7.654GiB;|total = 4096.00M  used = 3327.62M  free = 768.38M  (encrypted)|{ 3.44 3.48 3.95 }
2026-07-11T16:56:38+05:00,34044,60.7,7.7,1297056,01:42:13,astravector-postgres-1|47.63%|1.482GiB / 7.654GiB;astravector-qdrant-1|4.58%|1.105GiB / 7.654GiB;|total = 4096.00M  used = 3327.62M  free = 768.38M  (encrypted)|{ 3.32 3.45 3.94 }
2026-07-11T16:56:46+05:00,34044,94.8,7.7,1294784,01:42:20,astravector-postgres-1|54.81%|1.482GiB / 7.654GiB;astravector-qdrant-1|4.58%|1.106GiB / 7.654GiB;|total = 4096.00M  used = 3327.62M  free = 768.38M  (encrypted)|{ 3.27 3.44 3.93 }
2026-07-11T16:56:53+05:00,34044,67.2,7.7,1293152,01:42:28,astravector-postgres-1|49.11%|1.482GiB / 7.654GiB;astravector-qdrant-1|5.16%|1.106GiB / 7.654GiB;|total = 4096.00M  used = 3327.62M  free = 768.38M  (encrypted)|{ 3.09 3.40 3.91 }
2026-07-11T16:57:01+05:00,34044,65.8,7.7,1293280,01:42:35,astravector-postgres-1|46.73%|1.482GiB / 7.654GiB;astravector-qdrant-1|5.11%|1.106GiB / 7.654GiB;|total = 4096.00M  used = 3327.62M  free = 768.38M  (encrypted)|{ 2.84 3.33 3.88 }
2026-07-11T16:57:08+05:00,34044,74.6,7.7,1293248,01:42:43,astravector-postgres-1|49.04%|1.483GiB / 7.654GiB;astravector-qdrant-1|4.57%|1.102GiB / 7.654GiB;|total = 4096.00M  used = 3327.62M  free = 768.38M  (encrypted)|{ 2.94 3.34 3.88 }
2026-07-11T16:57:16+05:00,34044,83.5,7.7,1294480,01:42:50,astravector-postgres-1|47.06%|1.482GiB / 7.654GiB;astravector-qdrant-1|4.94%|1.104GiB / 7.654GiB;|total = 4096.00M  used = 3327.62M  free = 768.38M  (encrypted)|{ 2.56 3.25 3.84 }
2026-07-11T16:57:23+05:00,34044,56.6,7.7,1294608,01:42:58,astravector-postgres-1|48.44%|1.482GiB / 7.654GiB;astravector-qdrant-1|4.59%|1.103GiB / 7.654GiB;|total = 4096.00M  used = 3327.62M  free = 768.38M  (encrypted)|{ 2.43 3.21 3.82 }
2026-07-11T16:57:31+05:00,34044,69.6,7.7,1295376,01:43:05,astravector-postgres-1|46.81%|1.482GiB / 7.654GiB;astravector-qdrant-1|4.67%|1.105GiB / 7.654GiB;|total = 4096.00M  used = 3327.62M  free = 768.38M  (encrypted)|{ 2.28 3.15 3.80 }
2026-07-11T16:57:38+05:00,34044,88.6,7.7,1295088,01:43:13,astravector-postgres-1|46.63%|1.482GiB / 7.654GiB;astravector-qdrant-1|4.74%|1.103GiB / 7.654GiB;|total = 4096.00M  used = 3327.62M  free = 768.38M  (encrypted)|{ 2.18 3.12 3.78 }
2026-07-11T16:57:46+05:00,34044,61.8,7.7,1295664,01:43:20,astravector-postgres-1|50.94%|1.482GiB / 7.654GiB;astravector-qdrant-1|5.27%|1.104GiB / 7.654GiB;|total = 4096.00M  used = 3327.62M  free = 768.38M  (encrypted)|{ 2.08 3.06 3.75 }
2026-07-11T16:57:53+05:00,34044,45.6,7.7,1295008,01:43:28,astravector-postgres-1|48.48%|1.482GiB / 7.654GiB;astravector-qdrant-1|4.98%|1.104GiB / 7.654GiB;|total = 4096.00M  used = 3327.62M  free = 768.38M  (encrypted)|{ 1.99 3.03 3.74 }
2026-07-11T16:58:01+05:00,34044,78.5,7.7,1294096,01:43:35,astravector-postgres-1|47.05%|1.483GiB / 7.654GiB;astravector-qdrant-1|5.29%|1.102GiB / 7.654GiB;|total = 4096.00M  used = 3327.62M  free = 768.38M  (encrypted)|{ 2.07 3.01 3.72 }
2026-07-11T16:58:08+05:00,34044,86.3,7.7,1286368,01:43:43,astravector-postgres-1|55.52%|1.581GiB / 7.654GiB;astravector-qdrant-1|5.24%|1.102GiB / 7.654GiB;|total = 4096.00M  used = 3263.62M  free = 832.38M  (encrypted)|{ 1.98 2.98 3.70 }
2026-07-11T16:58:16+05:00,34044,93.2,7.7,1290576,01:43:50,astravector-postgres-1|51.70%|1.602GiB / 7.654GiB;astravector-qdrant-1|5.76%|1.102GiB / 7.654GiB;|total = 4096.00M  used = 3263.62M  free = 832.38M  (encrypted)|{ 2.83 3.13 3.75 }
2026-07-11T16:58:23+05:00,34044,62.4,7.7,1292576,01:43:58,astravector-postgres-1|47.70%|1.619GiB / 7.654GiB;astravector-qdrant-1|5.78%|1.102GiB / 7.654GiB;|total = 4096.00M  used = 3263.62M  free = 832.38M  (encrypted)|{ 2.93 3.14 3.75 }
2026-07-11T16:58:31+05:00,34044,60.7,7.7,1291168,01:44:05,astravector-postgres-1|48.43%|1.634GiB / 7.654GiB;astravector-qdrant-1|5.51%|1.104GiB / 7.654GiB;|total = 4096.00M  used = 3263.62M  free = 832.38M  (encrypted)|{ 3.09 3.17 3.75 }
2026-07-11T16:58:38+05:00,34044,74.8,7.7,1291120,01:44:13,astravector-postgres-1|32.72%|1.63GiB / 7.654GiB;astravector-qdrant-1|13.92%|1.103GiB / 7.654GiB;|total = 4096.00M  used = 3334.88M  free = 761.12M  (encrypted)|{ 3.48 3.25 3.78 }
2026-07-11T16:58:45+05:00,34044,89.7,7.7,1295152,01:44:20,astravector-postgres-1|58.68%|1.63GiB / 7.654GiB;astravector-qdrant-1|5.74%|1.104GiB / 7.654GiB;|total = 4096.00M  used = 3334.88M  free = 761.12M  (encrypted)|{ 3.61 3.28 3.78 }
2026-07-11T16:58:52+05:00,34044,98.3,7.7,1289952,01:44:27,astravector-postgres-1|47.46%|1.633GiB / 7.654GiB;astravector-qdrant-1|5.38%|1.105GiB / 7.654GiB;|total = 4096.00M  used = 3334.88M  free = 761.12M  (encrypted)|{ 3.82 3.33 3.80 }
2026-07-11T16:59:00+05:00,34044,65.5,7.7,1294016,01:44:34,astravector-postgres-1|47.23%|1.63GiB / 7.654GiB;astravector-qdrant-1|5.44%|1.106GiB / 7.654GiB;|total = 4096.00M  used = 3334.88M  free = 761.12M  (encrypted)|{ 3.75 3.33 3.79 }
2026-07-11T16:59:07+05:00,34044,69.7,7.7,1296704,01:44:42,astravector-postgres-1|46.69%|1.629GiB / 7.654GiB;astravector-qdrant-1|5.44%|1.104GiB / 7.654GiB;|total = 4096.00M  used = 3334.88M  free = 761.12M  (encrypted)|{ 3.65 3.32 3.78 }
2026-07-11T16:59:15+05:00,34044,91.8,7.7,1297040,01:44:49,astravector-postgres-1|44.97%|1.63GiB / 7.654GiB;astravector-qdrant-1|4.95%|1.106GiB / 7.654GiB;|total = 4096.00M  used = 3334.88M  free = 761.12M  (encrypted)|{ 3.52 3.29 3.77 }
2026-07-11T16:59:22+05:00,34044,46.8,7.7,1298064,01:44:57,astravector-postgres-1|45.50%|1.63GiB / 7.654GiB;astravector-qdrant-1|5.58%|1.106GiB / 7.654GiB;|total = 4096.00M  used = 3334.88M  free = 761.12M  (encrypted)|{ 3.50 3.30 3.77 }
2026-07-11T16:59:30+05:00,34044,76.7,7.7,1298704,01:45:04,astravector-postgres-1|48.14%|1.63GiB / 7.654GiB;astravector-qdrant-1|5.18%|1.105GiB / 7.654GiB;|total = 4096.00M  used = 3334.88M  free = 761.12M  (encrypted)|{ 4.26 3.46 3.82 }
2026-07-11T16:59:37+05:00,34044,91.0,7.7,1299216,01:45:12,astravector-postgres-1|45.46%|1.63GiB / 7.654GiB;astravector-qdrant-1|5.31%|1.105GiB / 7.654GiB;|total = 4096.00M  used = 3334.88M  free = 761.12M  (encrypted)|{ 4.06 3.45 3.81 }
2026-07-11T16:59:45+05:00,34044,97.7,7.7,1299568,01:45:19,astravector-postgres-1|45.21%|1.63GiB / 7.654GiB;astravector-qdrant-1|4.51%|1.106GiB / 7.654GiB;|total = 4096.00M  used = 3334.88M  free = 761.12M  (encrypted)|{ 3.97 3.44 3.81 }
2026-07-11T16:59:52+05:00,34044,69.8,7.7,1300032,01:45:27,astravector-postgres-1|46.33%|1.63GiB / 7.654GiB;astravector-qdrant-1|4.60%|1.106GiB / 7.654GiB;|total = 4096.00M  used = 3334.88M  free = 761.12M  (encrypted)|{ 3.82 3.42 3.80 }
2026-07-11T17:00:00+05:00,34044,68.4,7.8,1300448,01:45:34,astravector-postgres-1|44.70%|1.63GiB / 7.654GiB;astravector-qdrant-1|5.28%|1.104GiB / 7.654GiB;|total = 4096.00M  used = 3334.88M  free = 761.12M  (encrypted)|{ 3.76 3.42 3.79 }
2026-07-11T17:00:07+05:00,34044,93.9,7.8,1300832,01:45:42,astravector-postgres-1|49.90%|1.63GiB / 7.654GiB;astravector-qdrant-1|5.65%|1.103GiB / 7.654GiB;|total = 4096.00M  used = 3334.88M  free = 761.12M  (encrypted)|{ 3.57 3.38 3.78 }
2026-07-11T17:00:15+05:00,34044,96.0,7.7,1287136,01:45:49,astravector-postgres-1|44.51%|1.63GiB / 7.654GiB;astravector-qdrant-1|5.09%|1.104GiB / 7.654GiB;|total = 4096.00M  used = 3334.88M  free = 761.12M  (encrypted)|{ 3.36 3.34 3.76 }
2026-07-11T17:00:22+05:00,34044,47.5,7.7,1293248,01:45:57,astravector-postgres-1|46.51%|1.63GiB / 7.654GiB;astravector-qdrant-1|5.42%|1.103GiB / 7.654GiB;|total = 4096.00M  used = 3334.88M  free = 761.12M  (encrypted)|{ 3.30 3.33 3.75 }
2026-07-11T17:00:30+05:00,34044,57.0,7.7,1293280,01:46:04,astravector-postgres-1|46.77%|1.63GiB / 7.654GiB;astravector-qdrant-1|4.60%|1.101GiB / 7.654GiB;|total = 4096.00M  used = 3334.88M  free = 761.12M  (encrypted)|{ 3.19 3.31 3.74 }
2026-07-11T17:00:37+05:00,34044,97.8,7.7,1294032,01:46:12,astravector-postgres-1|47.50%|1.63GiB / 7.654GiB;astravector-qdrant-1|4.25%|1.102GiB / 7.654GiB;|total = 4096.00M  used = 3334.88M  free = 761.12M  (encrypted)|{ 2.85 3.23 3.71 }
2026-07-11T17:00:45+05:00,34044,73.9,7.7,1295152,01:46:19,astravector-postgres-1|43.34%|1.63GiB / 7.654GiB;astravector-qdrant-1|5.57%|1.102GiB / 7.654GiB;|total = 4096.00M  used = 3334.88M  free = 761.12M  (encrypted)|{ 2.78 3.21 3.70 }
2026-07-11T17:00:52+05:00,34044,62.1,7.7,1297408,01:46:27,astravector-postgres-1|46.32%|1.631GiB / 7.654GiB;astravector-qdrant-1|4.36%|1.102GiB / 7.654GiB;|total = 4096.00M  used = 3334.88M  free = 761.12M  (encrypted)|{ 2.51 3.14 3.67 }
2026-07-11T17:01:00+05:00,34044,68.4,7.7,1298320,01:46:34,astravector-postgres-1|46.21%|1.63GiB / 7.654GiB;astravector-qdrant-1|5.63%|1.103GiB / 7.654GiB;|total = 4096.00M  used = 3334.88M  free = 761.12M  (encrypted)|{ 2.39 3.10 3.65 }
2026-07-11T17:01:07+05:00,34044,79.0,7.7,1298624,01:46:42,astravector-postgres-1|46.04%|1.63GiB / 7.654GiB;astravector-qdrant-1|4.22%|1.103GiB / 7.654GiB;|total = 4096.00M  used = 3334.88M  free = 761.12M  (encrypted)|{ 2.41 3.08 3.64 }
2026-07-11T17:01:15+05:00,34044,98.9,7.7,1298672,01:46:49,astravector-postgres-1|43.95%|1.63GiB / 7.654GiB;astravector-qdrant-1|6.34%|1.104GiB / 7.654GiB;|total = 4096.00M  used = 3334.88M  free = 761.12M  (encrypted)|{ 2.22 3.03 3.61 }
2026-07-11T17:01:22+05:00,34044,2.5,7.7,1299504,01:46:57,astravector-postgres-1|1.02%|1.63GiB / 7.654GiB;astravector-qdrant-1|0.27%|1.103GiB / 7.654GiB;|total = 4096.00M  used = 3334.88M  free = 761.12M  (encrypted)|{ 1.96 2.95 3.58 }
2026-07-11T17:01:30+05:00,34044,0.0,7.7,1299664,01:47:04,astravector-postgres-1|0.48%|1.63GiB / 7.654GiB;astravector-qdrant-1|0.57%|1.097GiB / 7.654GiB;|total = 4096.00M  used = 3334.88M  free = 761.12M  (encrypted)|{ 2.04 2.95 3.57 }
2026-07-11T17:01:37+05:00,34044,0.0,7.7,1299584,01:47:12,astravector-postgres-1|0.76%|1.63GiB / 7.654GiB;astravector-qdrant-1|0.40%|1.097GiB / 7.654GiB;|total = 4096.00M  used = 3334.88M  free = 761.12M  (encrypted)|{ 2.03 2.92 3.56 }
2026-07-11T17:01:45+05:00,34044,0.0,7.7,1299584,01:47:19,astravector-postgres-1|0.80%|1.63GiB / 7.654GiB;astravector-qdrant-1|0.22%|1.096GiB / 7.654GiB;|total = 4096.00M  used = 3334.88M  free = 761.12M  (encrypted)|{ 1.94 2.88 3.54 }
2026-07-11T17:01:52+05:00,34044,0.1,7.7,1299616,01:47:27,astravector-postgres-1|0.72%|1.63GiB / 7.654GiB;astravector-qdrant-1|0.48%|1.096GiB / 7.654GiB;|total = 4096.00M  used = 3334.88M  free = 761.12M  (encrypted)|{ 1.95 2.85 3.52 }
2026-07-11T17:01:59+05:00,34044,0.0,7.7,1299632,01:47:34,astravector-postgres-1|0.83%|1.63GiB / 7.654GiB;astravector-qdrant-1|1.52%|1.096GiB / 7.654GiB;|total = 4096.00M  used = 3334.88M  free = 761.12M  (encrypted)|{ 2.68 2.99 3.56 }
2026-07-11T17:02:06+05:00,34044,0.1,6.5,1097440,01:47:41,astravector-postgres-1|6.98%|1.63GiB / 7.654GiB;astravector-qdrant-1|0.55%|1.096GiB / 7.654GiB;|total = 4096.00M  used = 3334.88M  free = 761.12M  (encrypted)|{ 3.21 3.09 3.59 }
2026-07-11T17:02:14+05:00,34044,0.0,3.7,614640,01:47:48,astravector-postgres-1|0.31%|1.63GiB / 7.654GiB;astravector-qdrant-1|0.28%|1.096GiB / 7.654GiB;|total = 4096.00M  used = 3334.88M  free = 761.12M  (encrypted)|{ 3.19 3.09 3.59 }
2026-07-11T17:02:21+05:00,34044,0.0,2.7,448352,01:47:56,astravector-postgres-1|2.38%|1.631GiB / 7.654GiB;astravector-qdrant-1|0.37%|1.096GiB / 7.654GiB;|total = 4096.00M  used = 3334.88M  free = 761.12M  (encrypted)|{ 2.93 3.04 3.56 }
2026-07-11T17:02:28+05:00,34044,0.1,2.1,355856,01:48:03,astravector-postgres-1|2.03%|1.465GiB / 7.654GiB;astravector-qdrant-1|0.10%|1.096GiB / 7.654GiB;|total = 4096.00M  used = 3334.88M  free = 761.12M  (encrypted)|{ 3.02 3.05 3.57 }
2026-07-11T17:02:36+05:00,34044,0.1,0.3,48160,01:48:10,astravector-postgres-1|0.81%|1.464GiB / 7.654GiB;astravector-qdrant-1|1.09%|1.096GiB / 7.654GiB;|total = 4096.00M  used = 3334.88M  free = 761.12M  (encrypted)|{ 2.94 3.03 3.56 }
2026-07-11T17:02:43+05:00,34044,0.2,0.3,43872,01:48:18,astravector-postgres-1|0.68%|1.465GiB / 7.654GiB;astravector-qdrant-1|0.26%|1.096GiB / 7.654GiB;|total = 4096.00M  used = 3334.88M  free = 761.12M  (encrypted)|{ 3.24 3.10 3.57 }
2026-07-11T17:02:51+05:00,34044,0.1,0.3,43664,01:48:26,astravector-postgres-1|0.53%|1.465GiB / 7.654GiB;astravector-qdrant-1|0.88%|1.096GiB / 7.654GiB;|total = 4096.00M  used = 3334.88M  free = 761.12M  (encrypted)|{ 3.05 3.06 3.56 }
2026-07-11T17:02:58+05:00,34044,0.1,0.2,40272,01:48:33,astravector-postgres-1|2.87%|1.465GiB / 7.654GiB;astravector-qdrant-1|0.11%|1.096GiB / 7.654GiB;|total = 4096.00M  used = 3334.88M  free = 761.12M  (encrypted)|{ 2.96 3.04 3.55 }
2026-07-11T17:03:06+05:00,34044,0.1,0.2,39376,01:48:40,astravector-postgres-1|0.41%|1.465GiB / 7.654GiB;astravector-qdrant-1|0.67%|1.096GiB / 7.654GiB;|total = 4096.00M  used = 3334.88M  free = 761.12M  (encrypted)|{ 2.89 3.02 3.54 }
2026-07-11T17:03:13+05:00,34044,0.0,0.2,39888,01:48:48,astravector-postgres-1|3.77%|1.377GiB / 7.654GiB;astravector-qdrant-1|0.25%|1.096GiB / 7.654GiB;|total = 4096.00M  used = 3334.88M  free = 761.12M  (encrypted)|{ 2.92 3.02 3.53 }
2026-07-11T17:03:21+05:00,34044,0.0,0.2,38608,01:48:55,astravector-postgres-1|132.12%|1.448GiB / 7.654GiB;astravector-qdrant-1|1.71%|1.096GiB / 7.654GiB;|total = 4096.00M  used = 3334.88M  free = 761.12M  (encrypted)|{ 3.00 3.04 3.53 }
2026-07-11T17:03:28+05:00,34044,305.1,8.1,1351904,01:49:03,astravector-postgres-1|291.11%|2.05GiB / 7.654GiB;astravector-qdrant-1|56.54%|1.121GiB / 7.654GiB;|total = 4096.00M  used = 3334.88M  free = 761.12M  (encrypted)|{ 5.69 3.61 3.73 }
2026-07-11T17:03:36+05:00,34044,36.5,3.3,559472,01:49:10,astravector-postgres-1|301.72%|2.221GiB / 7.654GiB;astravector-qdrant-1|16.75%|1.125GiB / 7.654GiB;|total = 4096.00M  used = 3334.88M  free = 761.12M  (encrypted)|{ 6.44 3.80 3.80 }
2026-07-11T17:03:44+05:00,34044,171.6,8.3,1385456,01:49:18,astravector-postgres-1|201.40%|2.239GiB / 7.654GiB;astravector-qdrant-1|8.02%|1.135GiB / 7.654GiB;|total = 4096.00M  used = 3334.88M  free = 761.12M  (encrypted)|{ 7.49 4.12 3.91 }
2026-07-11T17:03:51+05:00,34044,331.1,8.4,1402416,01:49:26,astravector-postgres-1|35.83%|2.255GiB / 7.654GiB;astravector-qdrant-1|12.22%|1.129GiB / 7.654GiB;|total = 4096.00M  used = 3326.88M  free = 769.12M  (encrypted)|{ 7.59 4.26 3.96 }
2026-07-11T17:03:58+05:00,34044,72.8,8.2,1384064,01:49:33,astravector-postgres-1|47.50%|2.253GiB / 7.654GiB;astravector-qdrant-1|5.07%|1.113GiB / 7.654GiB;|total = 4096.00M  used = 3326.88M  free = 769.12M  (encrypted)|{ 7.06 4.21 3.94 }
2026-07-11T17:04:06+05:00,34044,71.2,8.1,1364384,01:49:40,astravector-postgres-1|47.41%|2.241GiB / 7.654GiB;astravector-qdrant-1|5.12%|1.11GiB / 7.654GiB;|total = 4096.00M  used = 3326.88M  free = 769.12M  (encrypted)|{ 6.57 4.15 3.93 }
2026-07-11T17:04:13+05:00,34044,103.2,7.7,1293728,01:49:48,astravector-postgres-1|53.19%|2.243GiB / 7.654GiB;astravector-qdrant-1|5.70%|1.108GiB / 7.654GiB;|total = 4096.00M  used = 3326.88M  free = 769.12M  (encrypted)|{ 5.80 4.07 3.90 }
2026-07-11T17:04:21+05:00,34044,76.2,7.6,1282016,01:49:56,astravector-postgres-1|51.33%|2.243GiB / 7.654GiB;astravector-qdrant-1|5.36%|1.107GiB / 7.654GiB;|total = 4096.00M  used = 3326.88M  free = 769.12M  (encrypted)|{ 5.82 4.10 3.91 }
2026-07-11T17:04:28+05:00,34044,82.8,7.7,1293008,01:50:03,astravector-postgres-1|48.70%|2.243GiB / 7.654GiB;astravector-qdrant-1|4.68%|1.107GiB / 7.654GiB;|total = 4096.00M  used = 3326.88M  free = 769.12M  (encrypted)|{ 5.62 4.11 3.92 }
2026-07-11T17:04:36+05:00,34044,59.4,7.5,1255936,01:50:10,astravector-postgres-1|48.35%|2.243GiB / 7.654GiB;astravector-qdrant-1|10.46%|1.106GiB / 7.654GiB;|total = 4096.00M  used = 3326.88M  free = 769.12M  (encrypted)|{ 5.25 4.06 3.90 }
2026-07-11T17:04:43+05:00,34044,67.2,7.7,1300080,01:50:18,astravector-postgres-1|47.11%|2.244GiB / 7.654GiB;astravector-qdrant-1|5.69%|1.105GiB / 7.654GiB;|total = 4096.00M  used = 3326.88M  free = 769.12M  (encrypted)|{ 4.82 4.01 3.88 }
2026-07-11T17:04:52+05:00,34044,86.2,7.8,1300544,01:50:25,astravector-postgres-1|72.39%|2.244GiB / 7.654GiB;astravector-qdrant-1|25.29%|1.105GiB / 7.654GiB;|total = 4096.00M  used = 3326.88M  free = 769.12M  (encrypted)|{ 4.46 3.96 3.87 }
2026-07-11T17:04:58+05:00,34044,59.2,7.7,1285312,01:50:34,astravector-postgres-1|53.11%|2.244GiB / 7.654GiB;astravector-qdrant-1|6.03%|1.106GiB / 7.654GiB;|total = 4096.00M  used = 3326.88M  free = 769.12M  (encrypted)|{ 4.26 3.92 3.86 }
2026-07-11T17:05:05+05:00,34044,78.1,7.7,1289024,01:50:40,astravector-postgres-1|60.21%|2.246GiB / 7.654GiB;astravector-qdrant-1|3.49%|1.105GiB / 7.654GiB;|total = 4096.00M  used = 3294.88M  free = 801.12M  (encrypted)|{ 4.56 3.99 3.88 }
2026-07-11T17:05:13+05:00,34044,100.5,7.5,1260672,01:50:47,astravector-postgres-1|45.35%|2.246GiB / 7.654GiB;astravector-qdrant-1|10.16%|1.105GiB / 7.654GiB;|total = 4096.00M  used = 3246.88M  free = 849.12M  (encrypted)|{ 4.09 3.91 3.85 }
2026-07-11T17:05:19+05:00,34044,49.3,7.7,1285632,01:50:55,astravector-postgres-1|82.31%|2.246GiB / 7.654GiB;astravector-qdrant-1|9.99%|1.106GiB / 7.654GiB;|total = 4096.00M  used = 3246.88M  free = 849.12M  (encrypted)|{ 3.93 3.88 3.84 }
2026-07-11T17:05:26+05:00,34044,45.4,7.7,1287088,01:51:01,astravector-postgres-1|78.66%|2.247GiB / 7.654GiB;astravector-qdrant-1|6.79%|1.106GiB / 7.654GiB;|total = 4096.00M  used = 3246.88M  free = 849.12M  (encrypted)|{ 3.70 3.83 3.82 }
2026-07-11T17:05:34+05:00,34044,40.7,7.7,1297136,01:51:08,astravector-postgres-1|50.19%|2.247GiB / 7.654GiB;astravector-qdrant-1|3.67%|1.105GiB / 7.654GiB;|total = 4096.00M  used = 3246.88M  free = 849.12M  (encrypted)|{ 3.57 3.80 3.81 }
2026-07-11T17:05:43+05:00,34044,132.6,7.7,1291280,01:51:16,astravector-postgres-1|180.61%|2.247GiB / 7.654GiB;astravector-qdrant-1|6.37%|1.108GiB / 7.654GiB;|total = 4096.00M  used = 3246.88M  free = 849.12M  (encrypted)|{ 5.46 4.19 3.95 }
2026-07-11T17:05:51+05:00,34044,104.0,7.5,1259024,01:51:26,astravector-postgres-1|512.01%|2.203GiB / 7.654GiB;astravector-qdrant-1|24.56%|1.105GiB / 7.654GiB;|total = 4096.00M  used = 3246.88M  free = 849.12M  (encrypted)|{ 8.78 4.90 4.20 }
2026-07-11T17:05:59+05:00,34044,128.9,7.6,1272288,01:51:33,astravector-postgres-1|166.61%|2.198GiB / 7.654GiB;astravector-qdrant-1|42.79%|1.107GiB / 7.654GiB;|total = 4096.00M  used = 3246.88M  free = 849.12M  (encrypted)|{ 20.33 7.49 5.13 }
2026-07-11T17:06:08+05:00,34044,13.3,7.5,1256208,01:51:41,astravector-postgres-1|210.36%|2.196GiB / 7.654GiB;astravector-qdrant-1|65.63%|1.11GiB / 7.654GiB;|total = 4096.00M  used = 3246.88M  free = 849.12M  (encrypted)|{ 32.58 10.52 6.23 }
2026-07-11T17:06:15+05:00,34044,45.9,7.5,1262720,01:51:50,astravector-postgres-1|362.41%|2.196GiB / 7.654GiB;astravector-qdrant-1|53.76%|1.11GiB / 7.654GiB;|total = 4096.00M  used = 3246.88M  free = 849.12M  (encrypted)|{ 30.85 10.53 6.26 }
2026-07-11T17:06:22+05:00,34044,45.9,7.5,1264544,01:51:57,astravector-postgres-1|324.46%|2.195GiB / 7.654GiB;astravector-qdrant-1|19.76%|1.115GiB / 7.654GiB;|total = 4096.00M  used = 3246.88M  free = 849.12M  (encrypted)|{ 27.91 10.57 6.32 }
2026-07-11T17:06:30+05:00,34044,154.4,7.7,1294368,01:52:04,astravector-postgres-1|333.92%|2.213GiB / 7.654GiB;astravector-qdrant-1|17.78%|1.114GiB / 7.654GiB;|total = 4096.00M  used = 3246.88M  free = 849.12M  (encrypted)|{ 26.96 10.66 6.38 }
2026-07-11T17:06:38+05:00,34044,130.2,7.8,1300528,01:52:12,astravector-postgres-1|227.24%|2.196GiB / 7.654GiB;astravector-qdrant-1|12.21%|1.113GiB / 7.654GiB;|total = 4096.00M  used = 3246.88M  free = 849.12M  (encrypted)|{ 24.93 10.77 6.47 }
2026-07-11T17:06:46+05:00,34044,84.0,6.1,1018736,01:52:20,astravector-postgres-1|272.31%|2.196GiB / 7.654GiB;astravector-qdrant-1|7.90%|1.11GiB / 7.654GiB;|total = 4096.00M  used = 3238.88M  free = 857.12M  (encrypted)|{ 24.93 11.01 6.58 }
2026-07-11T17:06:53+05:00,34044,170.6,7.8,1305232,01:52:28,astravector-postgres-1|202.86%|2.198GiB / 7.654GiB;astravector-qdrant-1|11.00%|1.109GiB / 7.654GiB;|total = 4096.00M  used = 3238.88M  free = 857.12M  (encrypted)|{ 23.00 11.06 6.65 }
2026-07-11T17:07:00+05:00,34044,176.5,7.8,1306720,01:52:35,astravector-postgres-1|257.21%|2.206GiB / 7.654GiB;astravector-qdrant-1|14.94%|1.106GiB / 7.654GiB;|total = 4096.00M  used = 3238.88M  free = 857.12M  (encrypted)|{ 22.44 11.14 6.70 }
2026-07-11T17:07:07+05:00,34044,195.7,7.9,1318256,01:52:42,astravector-postgres-1|211.74%|2.197GiB / 7.654GiB;astravector-qdrant-1|15.55%|1.106GiB / 7.654GiB;|total = 4096.00M  used = 3238.88M  free = 857.12M  (encrypted)|{ 20.38 11.07 6.73 }
2026-07-11T17:07:14+05:00,34044,82.4,7.9,1318352,01:52:49,astravector-postgres-1|48.29%|2.206GiB / 7.654GiB;astravector-qdrant-1|5.66%|1.107GiB / 7.654GiB;|total = 4096.00M  used = 3238.88M  free = 857.12M  (encrypted)|{ 18.91 10.92 6.70 }
2026-07-11T17:07:22+05:00,34044,151.8,7.6,1279024,01:52:56,astravector-postgres-1|143.43%|2.198GiB / 7.654GiB;astravector-qdrant-1|4.26%|1.102GiB / 7.654GiB;|total = 4096.00M  used = 3238.88M  free = 857.12M  (encrypted)|{ 16.38 10.64 6.65 }
2026-07-11T17:07:29+05:00,34044,63.3,7.7,1295104,01:53:04,astravector-postgres-1|49.83%|2.198GiB / 7.654GiB;astravector-qdrant-1|5.06%|1.102GiB / 7.654GiB;|total = 4096.00M  used = 3238.88M  free = 857.12M  (encrypted)|{ 15.23 10.49 6.62 }
2026-07-11T17:07:37+05:00,34044,98.8,7.7,1299968,01:53:11,astravector-postgres-1|48.64%|2.198GiB / 7.654GiB;astravector-qdrant-1|6.09%|1.101GiB / 7.654GiB;|total = 4096.00M  used = 3238.88M  free = 857.12M  (encrypted)|{ 13.51 10.28 6.59 }
2026-07-11T17:07:44+05:00,34044,89.2,7.7,1292240,01:53:19,astravector-postgres-1|51.65%|2.201GiB / 7.654GiB;astravector-qdrant-1|5.31%|1.102GiB / 7.654GiB;|total = 4096.00M  used = 3238.88M  free = 857.12M  (encrypted)|{ 13.55 10.34 6.63 }
2026-07-11T17:07:52+05:00,34044,46.3,7.7,1295072,01:53:26,astravector-postgres-1|48.29%|2.199GiB / 7.654GiB;astravector-qdrant-1|4.81%|1.101GiB / 7.654GiB;|total = 4096.00M  used = 3238.88M  free = 857.12M  (encrypted)|{ 12.60 10.25 6.64 }
2026-07-11T17:07:59+05:00,34044,75.3,7.7,1297280,01:53:34,astravector-postgres-1|51.39%|2.199GiB / 7.654GiB;astravector-qdrant-1|5.01%|1.102GiB / 7.654GiB;|total = 4096.00M  used = 3238.88M  free = 857.12M  (encrypted)|{ 11.75 10.11 6.62 }
2026-07-11T17:08:07+05:00,34044,64.2,7.7,1296432,01:53:41,astravector-postgres-1|52.19%|2.2GiB / 7.654GiB;astravector-qdrant-1|5.16%|1.1GiB / 7.654GiB;|total = 4096.00M  used = 3230.88M  free = 865.12M  (encrypted)|{ 10.55 9.91 6.59 }
2026-07-11T17:08:13+05:00,34044,41.7,7.6,1283008,01:53:49,astravector-postgres-1|50.36%|2.21GiB / 7.654GiB;astravector-qdrant-1|4.44%|1.101GiB / 7.654GiB;|total = 4096.00M  used = 3214.88M  free = 881.12M  (encrypted)|{ 9.87 9.78 6.56 }
2026-07-11T17:08:20+05:00,34044,46.0,7.7,1293648,01:53:55,astravector-postgres-1|47.24%|2.202GiB / 7.654GiB;astravector-qdrant-1|7.99%|1.1GiB / 7.654GiB;|total = 4096.00M  used = 3214.88M  free = 881.12M  (encrypted)|{ 9.72 9.75 6.57 }
2026-07-11T17:08:27+05:00,34044,77.8,7.7,1295648,01:54:02,astravector-postgres-1|51.82%|2.202GiB / 7.654GiB;astravector-qdrant-1|5.76%|1.101GiB / 7.654GiB;|total = 4096.00M  used = 3214.88M  free = 881.12M  (encrypted)|{ 8.60 9.51 6.52 }
2026-07-11T17:08:34+05:00,34044,85.8,7.7,1295568,01:54:09,astravector-postgres-1|52.07%|2.202GiB / 7.654GiB;astravector-qdrant-1|5.28%|1.1GiB / 7.654GiB;|total = 4096.00M  used = 3214.88M  free = 881.12M  (encrypted)|{ 7.91 9.35 6.48 }
2026-07-11T17:08:42+05:00,34044,57.5,7.7,1290944,01:54:16,astravector-postgres-1|48.98%|2.202GiB / 7.654GiB;astravector-qdrant-1|7.00%|1.1GiB / 7.654GiB;|total = 4096.00M  used = 3214.88M  free = 881.12M  (encrypted)|{ 7.28 9.19 6.44 }
2026-07-11T17:08:49+05:00,34044,79.4,7.7,1296064,01:54:24,astravector-postgres-1|46.51%|2.202GiB / 7.654GiB;astravector-qdrant-1|5.34%|1.1GiB / 7.654GiB;|total = 4096.00M  used = 3214.88M  free = 881.12M  (encrypted)|{ 6.23 8.91 6.37 }
2026-07-11T17:08:57+05:00,34044,134.1,7.8,1308736,01:54:31,astravector-postgres-1|12.91%|2.206GiB / 7.654GiB;astravector-qdrant-1|7.75%|1.099GiB / 7.654GiB;|total = 4096.00M  used = 3206.88M  free = 889.12M  (encrypted)|{ 5.72 8.71 6.33 }
2026-07-11T17:09:04+05:00,34044,142.4,7.8,1305488,01:54:39,astravector-postgres-1|5.49%|2.208GiB / 7.654GiB;astravector-qdrant-1|3.79%|1.097GiB / 7.654GiB;|total = 4096.00M  used = 3198.88M  free = 897.12M  (encrypted)|{ 5.35 8.58 6.30 }
2026-07-11T17:09:11+05:00,34044,46.0,7.8,1303328,01:54:46,astravector-postgres-1|11.96%|2.21GiB / 7.654GiB;astravector-qdrant-1|8.72%|1.095GiB / 7.654GiB;|total = 4096.00M  used = 3198.88M  free = 897.12M  (encrypted)|{ 5.00 8.46 6.27 }
2026-07-11T17:09:18+05:00,34044,171.2,7.6,1281728,01:54:53,astravector-postgres-1|21.89%|2.243GiB / 7.654GiB;astravector-qdrant-1|7.77%|1.096GiB / 7.654GiB;|total = 4096.00M  used = 3198.88M  free = 897.12M  (encrypted)|{ 4.62 8.26 6.23 }
2026-07-11T17:09:26+05:00,34044,383.5,7.8,1303728,01:55:00,astravector-postgres-1|4.06%|2.237GiB / 7.654GiB;astravector-qdrant-1|2.47%|1.097GiB / 7.654GiB;|total = 4096.00M  used = 3198.88M  free = 897.12M  (encrypted)|{ 4.25 8.12 6.19 }
2026-07-11T17:09:33+05:00,34044,219.7,7.8,1311264,01:55:08,astravector-postgres-1|11.04%|2.201GiB / 7.654GiB;astravector-qdrant-1|9.77%|1.098GiB / 7.654GiB;|total = 4096.00M  used = 3190.88M  free = 905.12M  (encrypted)|{ 3.75 7.89 6.13 }
2026-07-11T17:09:41+05:00,34044,386.6,7.9,1318832,01:55:15,astravector-postgres-1|9.30%|2.22GiB / 7.654GiB;astravector-qdrant-1|3.77%|1.099GiB / 7.654GiB;|total = 4096.00M  used = 3190.88M  free = 905.12M  (encrypted)|{ 3.61 7.79 6.10 }
2026-07-11T17:09:48+05:00,34044,223.8,7.8,1309680,01:55:23,astravector-postgres-1|14.63%|2.249GiB / 7.654GiB;astravector-qdrant-1|5.14%|1.099GiB / 7.654GiB;|total = 4096.00M  used = 3190.88M  free = 905.12M  (encrypted)|{ 3.51 7.63 6.07 }
2026-07-11T17:09:55+05:00,34044,15.8,7.6,1273728,01:55:30,astravector-postgres-1|16.47%|2.249GiB / 7.654GiB;astravector-qdrant-1|2.66%|1.101GiB / 7.654GiB;|total = 4096.00M  used = 3454.88M  free = 641.12M  (encrypted)|{ 3.95 7.66 6.08 }
2026-07-11T17:10:02+05:00,34044,16.1,7.7,1292176,01:55:37,astravector-postgres-1|24.90%|2.278GiB / 7.654GiB;astravector-qdrant-1|3.73%|1.101GiB / 7.654GiB;|total = 4096.00M  used = 3438.88M  free = 657.12M  (encrypted)|{ 3.72 7.49 6.04 }
2026-07-11T17:10:10+05:00,34044,5.4,7.7,1296160,01:55:44,astravector-postgres-1|5.95%|2.309GiB / 7.654GiB;astravector-qdrant-1|0.47%|1.102GiB / 7.654GiB;|total = 4096.00M  used = 3422.88M  free = 673.12M  (encrypted)|{ 3.51 7.38 6.01 }
2026-07-11T17:10:17+05:00,34044,377.8,7.8,1307424,01:55:52,astravector-postgres-1|11.88%|2.31GiB / 7.654GiB;astravector-qdrant-1|6.27%|1.104GiB / 7.654GiB;|total = 4096.00M  used = 3390.88M  free = 705.12M  (encrypted)|{ 4.51 7.46 6.06 }
2026-07-11T17:10:24+05:00,34044,8.5,7.6,1282880,01:55:59,astravector-postgres-1|5.52%|2.359GiB / 7.654GiB;astravector-qdrant-1|14.47%|1.104GiB / 7.654GiB;|total = 4096.00M  used = 3374.88M  free = 721.12M  (encrypted)|{ 4.39 7.39 6.04 }
2026-07-11T17:10:32+05:00,34044,4.8,7.7,1290336,01:56:06,astravector-postgres-1|0.95%|2.36GiB / 7.654GiB;astravector-qdrant-1|15.26%|1.105GiB / 7.654GiB;|total = 4096.00M  used = 3358.88M  free = 737.12M  (encrypted)|{ 4.36 7.33 6.03 }
2026-07-11T17:10:39+05:00,34044,96.2,7.7,1286224,01:56:14,astravector-postgres-1|145.74%|2.415GiB / 7.654GiB;astravector-qdrant-1|3.73%|1.122GiB / 7.654GiB;|total = 4096.00M  used = 3318.88M  free = 777.12M  (encrypted)|{ 4.23 7.21 6.00 }
2026-07-11T17:10:47+05:00,34044,62.1,7.8,1315520,01:56:21,astravector-postgres-1|128.62%|2.418GiB / 7.654GiB;astravector-qdrant-1|2.66%|1.12GiB / 7.654GiB;|total = 4096.00M  used = 3310.88M  free = 785.12M  (encrypted)|{ 4.21 7.15 5.98 }
2026-07-11T17:10:54+05:00,34044,24.4,7.9,1323248,01:56:29,astravector-postgres-1|243.24%|2.427GiB / 7.654GiB;astravector-qdrant-1|2.33%|1.117GiB / 7.654GiB;|total = 4096.00M  used = 3310.88M  free = 785.12M  (encrypted)|{ 4.33 7.08 5.97 }
2026-07-11T17:11:03+05:00,34044,109.0,7.7,1297936,01:56:36,astravector-postgres-1|131.32%|2.419GiB / 7.654GiB;astravector-qdrant-1|7.12%|1.114GiB / 7.654GiB;|total = 4096.00M  used = 3310.88M  free = 785.12M  (encrypted)|{ 3.82 6.88 5.91 }
2026-07-11T17:11:10+05:00,34044,30.6,7.6,1276560,01:56:45,astravector-postgres-1|190.25%|2.428GiB / 7.654GiB;astravector-qdrant-1|3.02%|1.115GiB / 7.654GiB;|total = 4096.00M  used = 3310.88M  free = 785.12M  (encrypted)|{ 4.71 7.02 5.97 }
2026-07-11T17:11:18+05:00,34044,29.4,7.8,1307856,01:56:52,astravector-postgres-1|160.97%|2.432GiB / 7.654GiB;astravector-qdrant-1|2.06%|1.113GiB / 7.654GiB;|total = 4096.00M  used = 3310.88M  free = 785.12M  (encrypted)|{ 4.44 6.88 5.93 }
2026-07-11T17:11:26+05:00,34044,85.7,7.9,1321744,01:57:00,astravector-postgres-1|125.19%|2.434GiB / 7.654GiB;astravector-qdrant-1|2.32%|1.113GiB / 7.654GiB;|total = 4096.00M  used = 3294.88M  free = 801.12M  (encrypted)|{ 4.16 6.78 5.90 }
